version,subset,split,component,seed,set,metric,value
2015,general_PL,random,binding,111,test,pearson_r2_score,0.7627170578805057
2015,general_PL,random,binding,111,test,mean_absolute_error,2.321895750290308
2015,general_PL,random,binding,111,train,pearson_r2_score,0.7046116714915097
2015,general_PL,random,binding,111,train,mean_absolute_error,2.3211909407530253
2015,general_PL,random,binding,111,valid,pearson_r2_score,0.600143192622757
2015,general_PL,random,binding,111,valid,mean_absolute_error,2.2449770857004023
2015,general_PL,random,binding,222,test,pearson_r2_score,0.7099442078495938
2015,general_PL,random,binding,222,test,mean_absolute_error,3.524756821069962
2015,general_PL,random,binding,222,train,pearson_r2_score,0.6826445773626945
2015,general_PL,random,binding,222,train,mean_absolute_error,3.6579810831360455
2015,general_PL,random,binding,222,valid,pearson_r2_score,0.6443236959979145
2015,general_PL,random,binding,222,valid,mean_absolute_error,3.7726863376910864
2015,general_PL,random,binding,333,test,pearson_r2_score,0.6660095184808489
2015,general_PL,random,binding,333,test,mean_absolute_error,1.930401930197691
2015,general_PL,random,binding,333,train,pearson_r2_score,0.5938414344739537
2015,general_PL,random,binding,333,train,mean_absolute_error,1.951279235661404
2015,general_PL,random,binding,333,valid,pearson_r2_score,0.6161108704088831
2015,general_PL,random,binding,333,valid,mean_absolute_error,1.9671901124807503
2015,general_PL,random,binding,444,test,pearson_r2_score,0.7650576590675461
2015,general_PL,random,binding,444,test,mean_absolute_error,2.6475140052208532
2015,general_PL,random,binding,444,train,pearson_r2_score,0.7779063831180603
2015,general_PL,random,binding,444,train,mean_absolute_error,2.5297417134961195
2015,general_PL,random,binding,444,valid,pearson_r2_score,0.6721373311450253
2015,general_PL,random,binding,444,valid,mean_absolute_error,2.5375054598099145
2015,general_PL,random,binding,555,test,pearson_r2_score,0.74303821521917
2015,general_PL,random,binding,555,test,mean_absolute_error,3.2303039065630004
2015,general_PL,random,binding,555,train,pearson_r2_score,0.6997897534626955
2015,general_PL,random,binding,555,train,mean_absolute_error,3.2135946235722024
2015,general_PL,random,binding,555,valid,pearson_r2_score,0.7041363232846279
2015,general_PL,random,binding,555,valid,mean_absolute_error,3.239153250082945
2015,general_PL,scaffold,binding,111,test,pearson_r2_score,0.7682122194202722
2015,general_PL,scaffold,binding,111,test,mean_absolute_error,1.609710707444411
2015,general_PL,scaffold,binding,111,train,pearson_r2_score,0.6602050950323856
2015,general_PL,scaffold,binding,111,train,mean_absolute_error,1.4396676435541305
2015,general_PL,scaffold,binding,111,valid,pearson_r2_score,0.6761210502346097
2015,general_PL,scaffold,binding,111,valid,mean_absolute_error,1.5078204794174586
2015,general_PL,scaffold,binding,222,test,pearson_r2_score,0.773673524093441
2015,general_PL,scaffold,binding,222,test,mean_absolute_error,2.035751186077411
2015,general_PL,scaffold,binding,222,train,pearson_r2_score,0.657183830544593
2015,general_PL,scaffold,binding,222,train,mean_absolute_error,1.9894137346384122
2015,general_PL,scaffold,binding,222,valid,pearson_r2_score,0.6474780028422563
2015,general_PL,scaffold,binding,222,valid,mean_absolute_error,2.0965846861570308
2015,general_PL,scaffold,binding,333,test,pearson_r2_score,0.7975021818217881
2015,general_PL,scaffold,binding,333,test,mean_absolute_error,2.0293062971066202
2015,general_PL,scaffold,binding,333,train,pearson_r2_score,0.6594854463742083
2015,general_PL,scaffold,binding,333,train,mean_absolute_error,1.8544377507853358
2015,general_PL,scaffold,binding,333,valid,pearson_r2_score,0.514490466135678
2015,general_PL,scaffold,binding,333,valid,mean_absolute_error,1.9784437564458603
2015,general_PL,scaffold,binding,444,test,pearson_r2_score,0.7554868443718739
2015,general_PL,scaffold,binding,444,test,mean_absolute_error,2.029612666985927
2015,general_PL,scaffold,binding,444,train,pearson_r2_score,0.6184880292256121
2015,general_PL,scaffold,binding,444,train,mean_absolute_error,1.839831788802378
2015,general_PL,scaffold,binding,444,valid,pearson_r2_score,0.6110562755945971
2015,general_PL,scaffold,binding,444,valid,mean_absolute_error,1.8700711207267566
2015,general_PL,scaffold,binding,555,test,pearson_r2_score,0.7114846860634308
2015,general_PL,scaffold,binding,555,test,mean_absolute_error,2.0898424711961012
2015,general_PL,scaffold,binding,555,train,pearson_r2_score,0.5328054800599675
2015,general_PL,scaffold,binding,555,train,mean_absolute_error,1.7047206175782919
2015,general_PL,scaffold,binding,555,valid,pearson_r2_score,0.42749310387426526
2015,general_PL,scaffold,binding,555,valid,mean_absolute_error,1.8319149616926145
2015,general_PL,sequence,binding,111,test,pearson_r2_score,0.7161333053407625
2015,general_PL,sequence,binding,111,test,mean_absolute_error,2.610834424141126
2015,general_PL,sequence,binding,111,train,pearson_r2_score,0.6445312539267041
2015,general_PL,sequence,binding,111,train,mean_absolute_error,2.529381585705981
2015,general_PL,sequence,binding,111,valid,pearson_r2_score,0.5936694386321357
2015,general_PL,sequence,binding,111,valid,mean_absolute_error,2.422594062805176
2015,general_PL,sequence,binding,222,test,pearson_r2_score,0.6895070828477755
2015,general_PL,sequence,binding,222,test,mean_absolute_error,2.4775902897761415
2015,general_PL,sequence,binding,222,train,pearson_r2_score,0.6219130126139997
2015,general_PL,sequence,binding,222,train,mean_absolute_error,2.337833914694212
2015,general_PL,sequence,binding,222,valid,pearson_r2_score,0.7197281637161839
2015,general_PL,sequence,binding,222,valid,mean_absolute_error,2.27560144444001
2015,general_PL,sequence,binding,333,test,pearson_r2_score,0.7237117056420214
2015,general_PL,sequence,binding,333,test,mean_absolute_error,3.5510955607096357
2015,general_PL,sequence,binding,333,train,pearson_r2_score,0.6670646911487288
2015,general_PL,sequence,binding,333,train,mean_absolute_error,3.4234634519534586
2015,general_PL,sequence,binding,333,valid,pearson_r2_score,0.6958777490252159
2015,general_PL,sequence,binding,333,valid,mean_absolute_error,3.384563208946815
2015,general_PL,sequence,binding,444,test,pearson_r2_score,0.7369998720277402
2015,general_PL,sequence,binding,444,test,mean_absolute_error,3.285892443241217
2015,general_PL,sequence,binding,444,train,pearson_r2_score,0.6784353691266743
2015,general_PL,sequence,binding,444,train,mean_absolute_error,3.2455862258463943
2015,general_PL,sequence,binding,444,valid,pearson_r2_score,0.6739853416022219
2015,general_PL,sequence,binding,444,valid,mean_absolute_error,3.1407448780353255
2015,general_PL,sequence,binding,555,test,pearson_r2_score,0.6601256714124879
2015,general_PL,sequence,binding,555,test,mean_absolute_error,2.8565733634753103
2015,general_PL,sequence,binding,555,train,pearson_r2_score,0.5789756245603329
2015,general_PL,sequence,binding,555,train,mean_absolute_error,2.7359205037420025
2015,general_PL,sequence,binding,555,valid,pearson_r2_score,0.6530697209644508
2015,general_PL,sequence,binding,555,valid,mean_absolute_error,2.6719410831255788
2015,general_PL,random,ligand,111,test,pearson_r2_score,0.7603376869129115
2015,general_PL,random,ligand,111,test,mean_absolute_error,1.7170183312831784
2015,general_PL,random,ligand,111,train,pearson_r2_score,0.6605960293522988
2015,general_PL,random,ligand,111,train,mean_absolute_error,2.410242424729342
2015,general_PL,random,ligand,111,valid,pearson_r2_score,0.5836616701582887
2015,general_PL,random,ligand,111,valid,mean_absolute_error,2.5976193916125174
2015,general_PL,random,ligand,222,test,pearson_r2_score,0.7821843185423513
2015,general_PL,random,ligand,222,test,mean_absolute_error,1.205162864978497
2015,general_PL,random,ligand,222,train,pearson_r2_score,0.7293834126605222
2015,general_PL,random,ligand,222,train,mean_absolute_error,1.7092290032011945
2015,general_PL,random,ligand,222,valid,pearson_r2_score,0.6518747350828156
2015,general_PL,random,ligand,222,valid,mean_absolute_error,1.6501315149894125
2015,general_PL,random,ligand,333,test,pearson_r2_score,0.8102520428858113
2015,general_PL,random,ligand,333,test,mean_absolute_error,1.3238159726460774
2015,general_PL,random,ligand,333,train,pearson_r2_score,0.7102872406923468
2015,general_PL,random,ligand,333,train,mean_absolute_error,2.195614150517067
2015,general_PL,random,ligand,333,valid,pearson_r2_score,0.603915539669536
2015,general_PL,random,ligand,333,valid,mean_absolute_error,1.995047885638017
2015,general_PL,random,ligand,444,test,pearson_r2_score,0.7996842690313186
2015,general_PL,random,ligand,444,test,mean_absolute_error,1.1233922983805338
2015,general_PL,random,ligand,444,train,pearson_r2_score,0.7145955827799801
2015,general_PL,random,ligand,444,train,mean_absolute_error,1.7900425050847542
2015,general_PL,random,ligand,444,valid,pearson_r2_score,0.6711861380404909
2015,general_PL,random,ligand,444,valid,mean_absolute_error,1.8213613560749933
2015,general_PL,random,ligand,555,test,pearson_r2_score,0.7819094969810716
2015,general_PL,random,ligand,555,test,mean_absolute_error,0.8664902469439385
2015,general_PL,random,ligand,555,train,pearson_r2_score,0.5913914974229256
2015,general_PL,random,ligand,555,train,mean_absolute_error,1.2824269861367112
2015,general_PL,random,ligand,555,valid,pearson_r2_score,0.46205464965521115
2015,general_PL,random,ligand,555,valid,mean_absolute_error,1.361957698271825
2015,general_PL,scaffold,ligand,111,test,pearson_r2_score,0.7364891733064326
2015,general_PL,scaffold,ligand,111,test,mean_absolute_error,0.8726053214439978
2015,general_PL,scaffold,ligand,111,train,pearson_r2_score,0.5112878270935226
2015,general_PL,scaffold,ligand,111,train,mean_absolute_error,1.7339493135445743
2015,general_PL,scaffold,ligand,111,valid,pearson_r2_score,0.5251950423294044
2015,general_PL,scaffold,ligand,111,valid,mean_absolute_error,1.7435786704772558
2015,general_PL,scaffold,ligand,222,test,pearson_r2_score,0.7500983976867902
2015,general_PL,scaffold,ligand,222,test,mean_absolute_error,0.9788585513188288
2015,general_PL,scaffold,ligand,222,train,pearson_r2_score,0.5798646770977604
2015,general_PL,scaffold,ligand,222,train,mean_absolute_error,2.0303203549959012
2015,general_PL,scaffold,ligand,222,valid,pearson_r2_score,0.48705654199480936
2015,general_PL,scaffold,ligand,222,valid,mean_absolute_error,1.9655963498629059
2015,general_PL,scaffold,ligand,333,test,pearson_r2_score,0.7695706707321945
2015,general_PL,scaffold,ligand,333,test,mean_absolute_error,0.8364171567574524
2015,general_PL,scaffold,ligand,333,train,pearson_r2_score,0.6351061297651053
2015,general_PL,scaffold,ligand,333,train,mean_absolute_error,1.5401253891589637
2015,general_PL,scaffold,ligand,333,valid,pearson_r2_score,0.5273865508740807
2015,general_PL,scaffold,ligand,333,valid,mean_absolute_error,1.6135589767602774
2015,general_PL,scaffold,ligand,444,test,pearson_r2_score,0.7655737308453389
2015,general_PL,scaffold,ligand,444,test,mean_absolute_error,0.864673210144043
2015,general_PL,scaffold,ligand,444,train,pearson_r2_score,0.5533715201497851
2015,general_PL,scaffold,ligand,444,train,mean_absolute_error,1.4640796773078708
2015,general_PL,scaffold,ligand,444,valid,pearson_r2_score,0.4878049294205524
2015,general_PL,scaffold,ligand,444,valid,mean_absolute_error,1.6042874767596904
2015,general_PL,scaffold,ligand,555,test,pearson_r2_score,0.770087223433432
2015,general_PL,scaffold,ligand,555,test,mean_absolute_error,0.8264740050878281
2015,general_PL,scaffold,ligand,555,train,pearson_r2_score,0.5200430729498304
2015,general_PL,scaffold,ligand,555,train,mean_absolute_error,1.5002868423486393
2015,general_PL,scaffold,ligand,555,valid,pearson_r2_score,0.45975888829198663
2015,general_PL,scaffold,ligand,555,valid,mean_absolute_error,1.6224484740037184
2015,general_PL,sequence,ligand,111,test,pearson_r2_score,0.7404818033682486
2015,general_PL,sequence,ligand,111,test,mean_absolute_error,1.0355291362664638
2015,general_PL,sequence,ligand,111,train,pearson_r2_score,0.5244499398671918
2015,general_PL,sequence,ligand,111,train,mean_absolute_error,1.5353204417092692
2015,general_PL,sequence,ligand,111,valid,pearson_r2_score,0.5064062712048576
2015,general_PL,sequence,ligand,111,valid,mean_absolute_error,1.5440555318807945
2015,general_PL,sequence,ligand,222,test,pearson_r2_score,0.7279227707019518
2015,general_PL,sequence,ligand,222,test,mean_absolute_error,1.399341008504232
2015,general_PL,sequence,ligand,222,train,pearson_r2_score,0.5367594814821924
2015,general_PL,sequence,ligand,222,train,mean_absolute_error,1.864462977351968
2015,general_PL,sequence,ligand,222,valid,pearson_r2_score,0.5313500709476999
2015,general_PL,sequence,ligand,222,valid,mean_absolute_error,1.8930144286277966
2015,general_PL,sequence,ligand,333,test,pearson_r2_score,0.6953014487313697
2015,general_PL,sequence,ligand,333,test,mean_absolute_error,1.8265525750380296
2015,general_PL,sequence,ligand,333,train,pearson_r2_score,0.49475825640181265
2015,general_PL,sequence,ligand,333,train,mean_absolute_error,2.395476140633217
2015,general_PL,sequence,ligand,333,valid,pearson_r2_score,0.4590484466027419
2015,general_PL,sequence,ligand,333,valid,mean_absolute_error,2.5140566601141905
2015,general_PL,sequence,ligand,444,test,pearson_r2_score,0.751926675804322
2015,general_PL,sequence,ligand,444,test,mean_absolute_error,0.9428123678549742
2015,general_PL,sequence,ligand,444,train,pearson_r2_score,0.5542333389061398
2015,general_PL,sequence,ligand,444,train,mean_absolute_error,1.3429107704369327
2015,general_PL,sequence,ligand,444,valid,pearson_r2_score,0.509187174301445
2015,general_PL,sequence,ligand,444,valid,mean_absolute_error,1.2616191429235997
2015,general_PL,sequence,ligand,555,test,pearson_r2_score,0.7413679090166785
2015,general_PL,sequence,ligand,555,test,mean_absolute_error,1.3199532472659379
2015,general_PL,sequence,ligand,555,train,pearson_r2_score,0.4898807555815966
2015,general_PL,sequence,ligand,555,train,mean_absolute_error,1.981062441340053
2015,general_PL,sequence,ligand,555,valid,pearson_r2_score,0.5081512077177383
2015,general_PL,sequence,ligand,555,valid,mean_absolute_error,2.146973153248812
2015,general_PL,random,protein,111,test,pearson_r2_score,0.755887965498481
2015,general_PL,random,protein,111,test,mean_absolute_error,2.1027408155783625
2015,general_PL,random,protein,111,train,pearson_r2_score,0.7230498074958682
2015,general_PL,random,protein,111,train,mean_absolute_error,1.9245856778470705
2015,general_PL,random,protein,111,valid,pearson_r2_score,0.7209799139658561
2015,general_PL,random,protein,111,valid,mean_absolute_error,1.9955449805137435
2015,general_PL,random,protein,222,test,pearson_r2_score,0.7411717789552494
2015,general_PL,random,protein,222,test,mean_absolute_error,2.575734227498372
2015,general_PL,random,protein,222,train,pearson_r2_score,0.7184109488044066
2015,general_PL,random,protein,222,train,mean_absolute_error,2.4669721759854895
2015,general_PL,random,protein,222,valid,pearson_r2_score,0.772699906042835
2015,general_PL,random,protein,222,valid,mean_absolute_error,2.592579336630992
2015,general_PL,random,protein,333,test,pearson_r2_score,0.7690392311118028
2015,general_PL,random,protein,333,test,mean_absolute_error,1.970883105057936
2015,general_PL,random,protein,333,train,pearson_r2_score,0.7189926745134158
2015,general_PL,random,protein,333,train,mean_absolute_error,1.8940141703289575
2015,general_PL,random,protein,333,valid,pearson_r2_score,0.7388616706020004
2015,general_PL,random,protein,333,valid,mean_absolute_error,1.8622698866281755
2015,general_PL,random,protein,444,test,pearson_r2_score,0.7610573506748919
2015,general_PL,random,protein,444,test,mean_absolute_error,2.3544271087646482
2015,general_PL,random,protein,444,train,pearson_r2_score,0.6954727696487284
2015,general_PL,random,protein,444,train,mean_absolute_error,2.2650511419630295
2015,general_PL,random,protein,444,valid,pearson_r2_score,0.7279949449433473
2015,general_PL,random,protein,444,valid,mean_absolute_error,2.1394592471978604
2015,general_PL,random,protein,555,test,pearson_r2_score,0.7625512542549402
2015,general_PL,random,protein,555,test,mean_absolute_error,3.024541064922626
2015,general_PL,random,protein,555,train,pearson_r2_score,0.715409804991325
2015,general_PL,random,protein,555,train,mean_absolute_error,2.93676970559124
2015,general_PL,random,protein,555,valid,pearson_r2_score,0.6830836905877047
2015,general_PL,random,protein,555,valid,mean_absolute_error,3.107154330449226
2015,general_PL,scaffold,protein,111,test,pearson_r2_score,0.669042186638337
2015,general_PL,scaffold,protein,111,test,mean_absolute_error,1.751344509026943
2015,general_PL,scaffold,protein,111,train,pearson_r2_score,0.6723813485377022
2015,general_PL,scaffold,protein,111,train,mean_absolute_error,1.4300427132147893
2015,general_PL,scaffold,protein,111,valid,pearson_r2_score,0.6145198184151777
2015,general_PL,scaffold,protein,111,valid,mean_absolute_error,1.5488949908965675
2015,general_PL,scaffold,protein,222,test,pearson_r2_score,0.7090422330918751
2015,general_PL,scaffold,protein,222,test,mean_absolute_error,1.5498707003471177
2015,general_PL,scaffold,protein,222,train,pearson_r2_score,0.6502072085756231
2015,general_PL,scaffold,protein,222,train,mean_absolute_error,1.2569811498431973
2015,general_PL,scaffold,protein,222,valid,pearson_r2_score,0.7789829424010268
2015,general_PL,scaffold,protein,222,valid,mean_absolute_error,1.2217454753044323
2015,general_PL,scaffold,protein,333,test,pearson_r2_score,0.6502934743210056
2015,general_PL,scaffold,protein,333,test,mean_absolute_error,2.876050528501853
2015,general_PL,scaffold,protein,333,train,pearson_r2_score,0.6740862954691821
2015,general_PL,scaffold,protein,333,train,mean_absolute_error,2.5465880258275115
2015,general_PL,scaffold,protein,333,valid,pearson_r2_score,0.6990320672990955
2015,general_PL,scaffold,protein,333,valid,mean_absolute_error,2.460656556838598
2015,general_PL,scaffold,protein,444,test,pearson_r2_score,0.6559453478290945
2015,general_PL,scaffold,protein,444,test,mean_absolute_error,2.546761811085236
2015,general_PL,scaffold,protein,444,train,pearson_r2_score,0.6862329854653871
2015,general_PL,scaffold,protein,444,train,mean_absolute_error,2.231449280908566
2015,general_PL,scaffold,protein,444,valid,pearson_r2_score,0.7762959729947391
2015,general_PL,scaffold,protein,444,valid,mean_absolute_error,2.2849551362991334
2015,general_PL,scaffold,protein,555,test,pearson_r2_score,0.752405947424337
2015,general_PL,scaffold,protein,555,test,mean_absolute_error,2.047388758537097
2015,general_PL,scaffold,protein,555,train,pearson_r2_score,0.6308423245484551
2015,general_PL,scaffold,protein,555,train,mean_absolute_error,1.810511701369517
2015,general_PL,scaffold,protein,555,valid,pearson_r2_score,0.6380131132230221
2015,general_PL,scaffold,protein,555,valid,mean_absolute_error,1.890450893695538
2015,general_PL,sequence,protein,111,test,pearson_r2_score,0.7017075507718296
2015,general_PL,sequence,protein,111,test,mean_absolute_error,2.337183707995292
2015,general_PL,sequence,protein,111,train,pearson_r2_score,0.7382366012586327
2015,general_PL,sequence,protein,111,train,mean_absolute_error,2.076978547443884
2015,general_PL,sequence,protein,111,valid,pearson_r2_score,0.7433288393251156
2015,general_PL,sequence,protein,111,valid,mean_absolute_error,1.9616848752926561
2015,general_PL,sequence,protein,222,test,pearson_r2_score,0.7366280426089274
2015,general_PL,sequence,protein,222,test,mean_absolute_error,2.787908203907502
2015,general_PL,sequence,protein,222,train,pearson_r2_score,0.6945265064382051
2015,general_PL,sequence,protein,222,train,mean_absolute_error,2.5907272659297402
2015,general_PL,sequence,protein,222,valid,pearson_r2_score,0.700838886691633
2015,general_PL,sequence,protein,222,valid,mean_absolute_error,2.4974113999635743
2015,general_PL,sequence,protein,333,test,pearson_r2_score,0.7266714355328264
2015,general_PL,sequence,protein,333,test,mean_absolute_error,2.715027262174166
2015,general_PL,sequence,protein,333,train,pearson_r2_score,0.6921583201369448
2015,general_PL,sequence,protein,333,train,mean_absolute_error,2.5618051496615633
2015,general_PL,sequence,protein,333,valid,pearson_r2_score,0.7690711102431204
2015,general_PL,sequence,protein,333,valid,mean_absolute_error,2.4119954543480504
2015,general_PL,sequence,protein,444,test,pearson_r2_score,0.7284258714148526
2015,general_PL,sequence,protein,444,test,mean_absolute_error,2.388038447159987
2015,general_PL,sequence,protein,444,train,pearson_r2_score,0.7200896396532742
2015,general_PL,sequence,protein,444,train,mean_absolute_error,2.1531418489417007
2015,general_PL,sequence,protein,444,valid,pearson_r2_score,0.7409973003289615
2015,general_PL,sequence,protein,444,valid,mean_absolute_error,2.129093731635656
2015,general_PL,sequence,protein,555,test,pearson_r2_score,0.7418972333976601
2015,general_PL,sequence,protein,555,test,mean_absolute_error,2.659002147576748
2015,general_PL,sequence,protein,555,train,pearson_r2_score,0.7061920151936767
2015,general_PL,sequence,protein,555,train,mean_absolute_error,2.4025975301669655
2015,general_PL,sequence,protein,555,valid,pearson_r2_score,0.7528026394858423
2015,general_PL,sequence,protein,555,valid,mean_absolute_error,2.2776188358404696
2015,refined,random,binding,111,test,pearson_r2_score,0.6989666066969563
2015,refined,random,binding,111,test,mean_absolute_error,1.4577253343631058
2015,refined,random,binding,111,train,pearson_r2_score,0.8991077853722104
2015,refined,random,binding,111,train,mean_absolute_error,1.1530701483597403
2015,refined,random,binding,111,valid,pearson_r2_score,0.73575556885463
2015,refined,random,binding,111,valid,mean_absolute_error,1.309790950382457
2015,refined,random,binding,222,test,pearson_r2_score,0.7293723038496455
2015,refined,random,binding,222,test,mean_absolute_error,1.4975662243182843
2015,refined,random,binding,222,train,pearson_r2_score,0.8896644601728363
2015,refined,random,binding,222,train,mean_absolute_error,1.1907751276295258
2015,refined,random,binding,222,valid,pearson_r2_score,0.8045680074717189
2015,refined,random,binding,222,valid,mean_absolute_error,1.122715762456258
2015,refined,random,binding,333,test,pearson_r2_score,0.6693947234971418
2015,refined,random,binding,333,test,mean_absolute_error,1.843282164157965
2015,refined,random,binding,333,train,pearson_r2_score,0.842914720418679
2015,refined,random,binding,333,train,mean_absolute_error,1.6608894975528967
2015,refined,random,binding,333,valid,pearson_r2_score,0.660177379383119
2015,refined,random,binding,333,valid,mean_absolute_error,1.845248083787806
2015,refined,random,binding,444,test,pearson_r2_score,0.7249108250049032
2015,refined,random,binding,444,test,mean_absolute_error,1.6587175142337116
2015,refined,random,binding,444,train,pearson_r2_score,0.9097864082751486
2015,refined,random,binding,444,train,mean_absolute_error,1.4292963756536292
2015,refined,random,binding,444,valid,pearson_r2_score,0.7304892787551073
2015,refined,random,binding,444,valid,mean_absolute_error,1.5017006864734725
2015,refined,random,binding,555,test,pearson_r2_score,0.6780118967986596
2015,refined,random,binding,555,test,mean_absolute_error,1.7397776716183393
2015,refined,random,binding,555,train,pearson_r2_score,0.8776791773581144
2015,refined,random,binding,555,train,mean_absolute_error,1.549600243381017
2015,refined,random,binding,555,valid,pearson_r2_score,0.7167823369772316
2015,refined,random,binding,555,valid,mean_absolute_error,1.5713716417200425
2015,refined,scaffold,binding,111,test,pearson_r2_score,0.6983226262318079
2015,refined,scaffold,binding,111,test,mean_absolute_error,1.7597386100964667
2015,refined,scaffold,binding,111,train,pearson_r2_score,0.8291406681232307
2015,refined,scaffold,binding,111,train,mean_absolute_error,1.383770944176803
2015,refined,scaffold,binding,111,valid,pearson_r2_score,0.7524093292748912
2015,refined,scaffold,binding,111,valid,mean_absolute_error,1.5566978031046252
2015,refined,scaffold,binding,222,test,pearson_r2_score,0.7054361932184763
2015,refined,scaffold,binding,222,test,mean_absolute_error,1.6425113947941705
2015,refined,scaffold,binding,222,train,pearson_r2_score,0.8482725344397405
2015,refined,scaffold,binding,222,train,mean_absolute_error,1.303002000979461
2015,refined,scaffold,binding,222,valid,pearson_r2_score,0.7702291220228922
2015,refined,scaffold,binding,222,valid,mean_absolute_error,1.347015131969078
2015,refined,scaffold,binding,333,test,pearson_r2_score,0.6858421290200638
2015,refined,scaffold,binding,333,test,mean_absolute_error,1.4891991583017203
2015,refined,scaffold,binding,333,train,pearson_r2_score,0.8407796104133517
2015,refined,scaffold,binding,333,train,mean_absolute_error,1.105226988667484
2015,refined,scaffold,binding,333,valid,pearson_r2_score,0.6121622888378382
2015,refined,scaffold,binding,333,valid,mean_absolute_error,1.4110413605559102
2015,refined,scaffold,binding,444,test,pearson_r2_score,0.6528761775289611
2015,refined,scaffold,binding,444,test,mean_absolute_error,2.237400989825909
2015,refined,scaffold,binding,444,train,pearson_r2_score,0.78384027659011
2015,refined,scaffold,binding,444,train,mean_absolute_error,2.041295483049867
2015,refined,scaffold,binding,444,valid,pearson_r2_score,0.7387182769827161
2015,refined,scaffold,binding,444,valid,mean_absolute_error,1.7401454897487862
2015,refined,scaffold,binding,555,test,pearson_r2_score,0.6868867587590362
2015,refined,scaffold,binding,555,test,mean_absolute_error,1.6796469862522223
2015,refined,scaffold,binding,555,train,pearson_r2_score,0.8435907697916125
2015,refined,scaffold,binding,555,train,mean_absolute_error,1.3009860784934597
2015,refined,scaffold,binding,555,valid,pearson_r2_score,0.7366176955089899
2015,refined,scaffold,binding,555,valid,mean_absolute_error,1.424245104602739
2015,refined,sequence,binding,111,test,pearson_r2_score,0.6865710245908945
2015,refined,sequence,binding,111,test,mean_absolute_error,2.3801454122494428
2015,refined,sequence,binding,111,train,pearson_r2_score,0.7680622332390553
2015,refined,sequence,binding,111,train,mean_absolute_error,2.398106927371962
2015,refined,sequence,binding,111,valid,pearson_r2_score,0.7929018938808614
2015,refined,sequence,binding,111,valid,mean_absolute_error,2.464510013355928
2015,refined,sequence,binding,222,test,pearson_r2_score,0.5790340760622824
2015,refined,sequence,binding,222,test,mean_absolute_error,1.6490618121807392
2015,refined,sequence,binding,222,train,pearson_r2_score,0.734111996169799
2015,refined,sequence,binding,222,train,mean_absolute_error,1.598788751264847
2015,refined,sequence,binding,222,valid,pearson_r2_score,0.7825751326309394
2015,refined,sequence,binding,222,valid,mean_absolute_error,1.458759209127987
2015,refined,sequence,binding,333,test,pearson_r2_score,0.6572247103036318
2015,refined,sequence,binding,333,test,mean_absolute_error,2.2205043421036157
2015,refined,sequence,binding,333,train,pearson_r2_score,0.804206311463397
2015,refined,sequence,binding,333,train,mean_absolute_error,2.197291658643031
2015,refined,sequence,binding,333,valid,pearson_r2_score,0.6661137707247077
2015,refined,sequence,binding,333,valid,mean_absolute_error,2.2035464799170406
2015,refined,sequence,binding,444,test,pearson_r2_score,0.6932633366201447
2015,refined,sequence,binding,444,test,mean_absolute_error,1.874413830879407
2015,refined,sequence,binding,444,train,pearson_r2_score,0.7721644906909225
2015,refined,sequence,binding,444,train,mean_absolute_error,1.864108656587559
2015,refined,sequence,binding,444,valid,pearson_r2_score,0.7760295981244955
2015,refined,sequence,binding,444,valid,mean_absolute_error,1.7940236446904203
2015,refined,sequence,binding,555,test,pearson_r2_score,0.6074347825560226
2015,refined,sequence,binding,555,test,mean_absolute_error,2.0782500735551883
2015,refined,sequence,binding,555,train,pearson_r2_score,0.7294552811640767
2015,refined,sequence,binding,555,train,mean_absolute_error,1.9313370173258553
2015,refined,sequence,binding,555,valid,pearson_r2_score,0.6887064555269311
2015,refined,sequence,binding,555,valid,mean_absolute_error,1.8874202803069466
2015,refined,random,ligand,111,test,pearson_r2_score,0.7746195098340806
2015,refined,random,ligand,111,test,mean_absolute_error,0.9529802897526667
2015,refined,random,ligand,111,train,pearson_r2_score,0.8723256575530253
2015,refined,random,ligand,111,train,mean_absolute_error,0.6920894044143143
2015,refined,random,ligand,111,valid,pearson_r2_score,0.7708192201047241
2015,refined,random,ligand,111,valid,mean_absolute_error,0.9682649361853504
2015,refined,random,ligand,222,test,pearson_r2_score,0.7144989639953758
2015,refined,random,ligand,222,test,mean_absolute_error,1.0622373826931684
2015,refined,random,ligand,222,train,pearson_r2_score,0.7290182532553043
2015,refined,random,ligand,222,train,mean_absolute_error,0.9522256003717149
2015,refined,random,ligand,222,valid,pearson_r2_score,0.8328923812673507
2015,refined,random,ligand,222,valid,mean_absolute_error,1.0000649181066774
2015,refined,random,ligand,333,test,pearson_r2_score,0.7100403631886805
2015,refined,random,ligand,333,test,mean_absolute_error,1.07880587211022
2015,refined,random,ligand,333,train,pearson_r2_score,0.7621666706402878
2015,refined,random,ligand,333,train,mean_absolute_error,0.9806150924690947
2015,refined,random,ligand,333,valid,pearson_r2_score,0.3291108752064546
2015,refined,random,ligand,333,valid,mean_absolute_error,1.21844968141294
2015,refined,random,ligand,444,test,pearson_r2_score,0.7328751810632587
2015,refined,random,ligand,444,test,mean_absolute_error,0.9841421381143423
2015,refined,random,ligand,444,train,pearson_r2_score,0.7518092469511872
2015,refined,random,ligand,444,train,mean_absolute_error,0.976619308515407
2015,refined,random,ligand,444,valid,pearson_r2_score,0.7556498459460498
2015,refined,random,ligand,444,valid,mean_absolute_error,1.3574561315424303
2015,refined,random,ligand,555,test,pearson_r2_score,0.7223859362936962
2015,refined,random,ligand,555,test,mean_absolute_error,1.0369373082870093
2015,refined,random,ligand,555,train,pearson_r2_score,0.7619017256440682
2015,refined,random,ligand,555,train,mean_absolute_error,0.8752867773006057
2015,refined,random,ligand,555,valid,pearson_r2_score,0.7480675315506391
2015,refined,random,ligand,555,valid,mean_absolute_error,0.7509190387351841
2015,refined,scaffold,ligand,111,test,pearson_r2_score,0.7452078485032083
2015,refined,scaffold,ligand,111,test,mean_absolute_error,0.8769256067520533
2015,refined,scaffold,ligand,111,train,pearson_r2_score,0.795160158814801
2015,refined,scaffold,ligand,111,train,mean_absolute_error,0.8046884610767447
2015,refined,scaffold,ligand,111,valid,pearson_r2_score,0.5918153790045269
2015,refined,scaffold,ligand,111,valid,mean_absolute_error,1.0745457731508743
2015,refined,scaffold,ligand,222,test,pearson_r2_score,0.7856061956485275
2015,refined,scaffold,ligand,222,test,mean_absolute_error,0.816815299596542
2015,refined,scaffold,ligand,222,train,pearson_r2_score,0.8833683960603879
2015,refined,scaffold,ligand,222,train,mean_absolute_error,1.1214005006556949
2015,refined,scaffold,ligand,222,valid,pearson_r2_score,0.7828118574881957
2015,refined,scaffold,ligand,222,valid,mean_absolute_error,1.247469930087819
2015,refined,scaffold,ligand,333,test,pearson_r2_score,0.7810096072752113
2015,refined,scaffold,ligand,333,test,mean_absolute_error,0.8552880726349661
2015,refined,scaffold,ligand,333,train,pearson_r2_score,0.8043686076768876
2015,refined,scaffold,ligand,333,train,mean_absolute_error,1.1479834627064036
2015,refined,scaffold,ligand,333,valid,pearson_r2_score,0.6716160293691364
2015,refined,scaffold,ligand,333,valid,mean_absolute_error,1.2398756621865665
2015,refined,scaffold,ligand,444,test,pearson_r2_score,0.7508843238939978
2015,refined,scaffold,ligand,444,test,mean_absolute_error,0.9584158225426307
2015,refined,scaffold,ligand,444,train,pearson_r2_score,0.8321751683259129
2015,refined,scaffold,ligand,444,train,mean_absolute_error,1.277039537450632
2015,refined,scaffold,ligand,444,valid,pearson_r2_score,0.766990842990877
2015,refined,scaffold,ligand,444,valid,mean_absolute_error,1.121473893184288
2015,refined,scaffold,ligand,555,test,pearson_r2_score,0.8044932403682664
2015,refined,scaffold,ligand,555,test,mean_absolute_error,0.7983025778745994
2015,refined,scaffold,ligand,555,train,pearson_r2_score,0.8172373241414856
2015,refined,scaffold,ligand,555,train,mean_absolute_error,1.2018957282570253
2015,refined,scaffold,ligand,555,valid,pearson_r2_score,0.7764810145368899
2015,refined,scaffold,ligand,555,valid,mean_absolute_error,1.1454494360381482
2015,refined,sequence,ligand,111,test,pearson_r2_score,0.7403794406581278
2015,refined,sequence,ligand,111,test,mean_absolute_error,1.948175425896278
2015,refined,sequence,ligand,111,train,pearson_r2_score,0.7116164633067662
2015,refined,sequence,ligand,111,train,mean_absolute_error,1.8372655584510238
2015,refined,sequence,ligand,111,valid,pearson_r2_score,0.5396116643963478
2015,refined,sequence,ligand,111,valid,mean_absolute_error,1.8764438401016534
2015,refined,sequence,ligand,222,test,pearson_r2_score,0.732377539303842
2015,refined,sequence,ligand,222,test,mean_absolute_error,2.2658616813268417
2015,refined,sequence,ligand,222,train,pearson_r2_score,0.732752866031198
2015,refined,sequence,ligand,222,train,mean_absolute_error,2.0622265234836843
2015,refined,sequence,ligand,222,valid,pearson_r2_score,0.7466141940747458
2015,refined,sequence,ligand,222,valid,mean_absolute_error,1.8122403661877502
2015,refined,sequence,ligand,333,test,pearson_r2_score,0.781013656431872
2015,refined,sequence,ligand,333,test,mean_absolute_error,2.09221605075934
2015,refined,sequence,ligand,333,train,pearson_r2_score,0.7292710245204106
2015,refined,sequence,ligand,333,train,mean_absolute_error,1.861285122154061
2015,refined,sequence,ligand,333,valid,pearson_r2_score,0.7683272564743919
2015,refined,sequence,ligand,333,valid,mean_absolute_error,1.7056699816385905
2015,refined,sequence,ligand,444,test,pearson_r2_score,0.7661099992671494
2015,refined,sequence,ligand,444,test,mean_absolute_error,1.8543882767114883
2015,refined,sequence,ligand,444,train,pearson_r2_score,0.7092797195142967
2015,refined,sequence,ligand,444,train,mean_absolute_error,1.6944495131355186
2015,refined,sequence,ligand,444,valid,pearson_r2_score,0.6367572028399506
2015,refined,sequence,ligand,444,valid,mean_absolute_error,1.4242071073195515
2015,refined,sequence,ligand,555,test,pearson_r2_score,0.7196049178785875
2015,refined,sequence,ligand,555,test,mean_absolute_error,2.8171470577533433
2015,refined,sequence,ligand,555,train,pearson_r2_score,0.6284113051515354
2015,refined,sequence,ligand,555,train,mean_absolute_error,2.573715787454464
2015,refined,sequence,ligand,555,valid,pearson_r2_score,0.6599387845855343
2015,refined,sequence,ligand,555,valid,mean_absolute_error,2.722509488498463
2015,refined,random,protein,111,test,pearson_r2_score,0.7207908084493359
2015,refined,random,protein,111,test,mean_absolute_error,2.234022746550731
2015,refined,random,protein,111,train,pearson_r2_score,0.8194776366329665
2015,refined,random,protein,111,train,mean_absolute_error,2.111499650363839
2015,refined,random,protein,111,valid,pearson_r2_score,0.8733788799664834
2015,refined,random,protein,111,valid,mean_absolute_error,2.0655720116110405
2015,refined,random,protein,222,test,pearson_r2_score,0.7344448412486934
2015,refined,random,protein,222,test,mean_absolute_error,1.413263401813996
2015,refined,random,protein,222,train,pearson_r2_score,0.8485022435262198
2015,refined,random,protein,222,train,mean_absolute_error,1.0592018195635369
2015,refined,random,protein,222,valid,pearson_r2_score,0.8791810789073464
2015,refined,random,protein,222,valid,mean_absolute_error,0.984828930462108
2015,refined,random,protein,333,test,pearson_r2_score,0.6597756571323798
2015,refined,random,protein,333,test,mean_absolute_error,1.5405670562157265
2015,refined,random,protein,333,train,pearson_r2_score,0.8219950572606568
2015,refined,random,protein,333,train,mean_absolute_error,1.2292425593642688
2015,refined,random,protein,333,valid,pearson_r2_score,0.7497386279061521
2015,refined,random,protein,333,valid,mean_absolute_error,1.3976491356830971
2015,refined,random,protein,444,test,pearson_r2_score,0.7145532591190487
2015,refined,random,protein,444,test,mean_absolute_error,1.5419693282689801
2015,refined,random,protein,444,train,pearson_r2_score,0.8537380451285537
2015,refined,random,protein,444,train,mean_absolute_error,1.2911966242228012
2015,refined,random,protein,444,valid,pearson_r2_score,0.8099838985218788
2015,refined,random,protein,444,valid,mean_absolute_error,1.3946618742101333
2015,refined,random,protein,555,test,pearson_r2_score,0.6787628362076134
2015,refined,random,protein,555,test,mean_absolute_error,1.5472920967493302
2015,refined,random,protein,555,train,pearson_r2_score,0.8581077939154248
2015,refined,random,protein,555,train,mean_absolute_error,1.2165073044851877
2015,refined,random,protein,555,valid,pearson_r2_score,0.7488961495023986
2015,refined,random,protein,555,valid,mean_absolute_error,1.3676910728566787
2015,refined,scaffold,protein,111,test,pearson_r2_score,0.6824352581361328
2015,refined,scaffold,protein,111,test,mean_absolute_error,1.5944290771484375
2015,refined,scaffold,protein,111,train,pearson_r2_score,0.8704076095122328
2015,refined,scaffold,protein,111,train,mean_absolute_error,1.1333110715208095
2015,refined,scaffold,protein,111,valid,pearson_r2_score,0.7969720494640917
2015,refined,scaffold,protein,111,valid,mean_absolute_error,1.1628575777540018
2015,refined,scaffold,protein,222,test,pearson_r2_score,0.6986862198076099
2015,refined,scaffold,protein,222,test,mean_absolute_error,1.8629587034567807
2015,refined,scaffold,protein,222,train,pearson_r2_score,0.8293434122098662
2015,refined,scaffold,protein,222,train,mean_absolute_error,1.4162380863173039
2015,refined,scaffold,protein,222,valid,pearson_r2_score,0.7762701049997812
2015,refined,scaffold,protein,222,valid,mean_absolute_error,1.4746825124703202
2015,refined,scaffold,protein,333,test,pearson_r2_score,0.6561440764765412
2015,refined,scaffold,protein,333,test,mean_absolute_error,2.1983454257280397
2015,refined,scaffold,protein,333,train,pearson_r2_score,0.6892702554872777
2015,refined,scaffold,protein,333,train,mean_absolute_error,1.8478952333292067
2015,refined,scaffold,protein,333,valid,pearson_r2_score,0.7951620009794016
2015,refined,scaffold,protein,333,valid,mean_absolute_error,1.753204770181693
2015,refined,scaffold,protein,444,test,pearson_r2_score,0.6398575575516291
2015,refined,scaffold,protein,444,test,mean_absolute_error,2.3642205728384162
2015,refined,scaffold,protein,444,train,pearson_r2_score,0.6953956385411367
2015,refined,scaffold,protein,444,train,mean_absolute_error,1.9857775988433035
2015,refined,scaffold,protein,444,valid,pearson_r2_score,0.8304875577290688
2015,refined,scaffold,protein,444,valid,mean_absolute_error,1.9361555458517632
2015,refined,scaffold,protein,555,test,pearson_r2_score,0.6635480764853185
2015,refined,scaffold,protein,555,test,mean_absolute_error,1.898881302075508
2015,refined,scaffold,protein,555,train,pearson_r2_score,0.7706953347441657
2015,refined,scaffold,protein,555,train,mean_absolute_error,1.4384256469110213
2015,refined,scaffold,protein,555,valid,pearson_r2_score,0.7897557203979346
2015,refined,scaffold,protein,555,valid,mean_absolute_error,1.603565949832692
2015,refined,sequence,protein,111,test,pearson_r2_score,0.6370721637509456
2015,refined,sequence,protein,111,test,mean_absolute_error,2.6832645615797777
2015,refined,sequence,protein,111,train,pearson_r2_score,0.763697371116536
2015,refined,sequence,protein,111,train,mean_absolute_error,2.678073280034628
2015,refined,sequence,protein,111,valid,pearson_r2_score,0.8483004949569847
2015,refined,sequence,protein,111,valid,mean_absolute_error,2.369897362578149
2015,refined,sequence,protein,222,test,pearson_r2_score,0.5623382991906049
2015,refined,sequence,protein,222,test,mean_absolute_error,2.207736491863544
2015,refined,sequence,protein,222,train,pearson_r2_score,0.7273072109374755
2015,refined,sequence,protein,222,train,mean_absolute_error,2.1300304465627047
2015,refined,sequence,protein,222,valid,pearson_r2_score,0.7467986722710839
2015,refined,sequence,protein,222,valid,mean_absolute_error,2.2873779776517082
2015,refined,sequence,protein,333,test,pearson_r2_score,0.6101145656569101
2015,refined,sequence,protein,333,test,mean_absolute_error,2.260213399153489
2015,refined,sequence,protein,333,train,pearson_r2_score,0.7538696449937136
2015,refined,sequence,protein,333,train,mean_absolute_error,2.240516284761471
2015,refined,sequence,protein,333,valid,pearson_r2_score,0.7887568723422989
2015,refined,sequence,protein,333,valid,mean_absolute_error,2.2516988239101337
2015,refined,sequence,protein,444,test,pearson_r2_score,0.694169767969097
2015,refined,sequence,protein,444,test,mean_absolute_error,2.30772312888121
2015,refined,sequence,protein,444,train,pearson_r2_score,0.7859193815888804
2015,refined,sequence,protein,444,train,mean_absolute_error,2.184237414655727
2015,refined,sequence,protein,444,valid,pearson_r2_score,0.7400929437339979
2015,refined,sequence,protein,444,valid,mean_absolute_error,2.344805007074393
2015,refined,sequence,protein,555,test,pearson_r2_score,0.6531113471406742
2015,refined,sequence,protein,555,test,mean_absolute_error,2.153616119971642
2015,refined,sequence,protein,555,train,pearson_r2_score,0.7920027957693233
2015,refined,sequence,protein,555,train,mean_absolute_error,2.02445937033824
2015,refined,sequence,protein,555,valid,pearson_r2_score,0.7675538267952966
2015,refined,sequence,protein,555,valid,mean_absolute_error,2.22526644968519
2018,general_PL,random,binding,111,test,pearson_r2_score,0.6845571311173373
2018,general_PL,random,binding,111,test,mean_absolute_error,2.363678753290421
2018,general_PL,random,binding,111,train,pearson_r2_score,0.6411058287488282
2018,general_PL,random,binding,111,train,mean_absolute_error,2.6114944637826905
2018,general_PL,random,binding,111,valid,pearson_r2_score,0.7166429636474498
2018,general_PL,random,binding,111,valid,mean_absolute_error,2.5775897898694478
2018,general_PL,random,binding,222,test,pearson_r2_score,0.6581725275466717
2018,general_PL,random,binding,222,test,mean_absolute_error,2.1559581486628603
2018,general_PL,random,binding,222,train,pearson_r2_score,0.6007987050786081
2018,general_PL,random,binding,222,train,mean_absolute_error,2.298235430806614
2018,general_PL,random,binding,222,valid,pearson_r2_score,0.6244941769180672
2018,general_PL,random,binding,222,valid,mean_absolute_error,2.3326717253590856
2018,general_PL,random,binding,333,test,pearson_r2_score,0.7059593714315711
2018,general_PL,random,binding,333,test,mean_absolute_error,2.331306992750901
2018,general_PL,random,binding,333,train,pearson_r2_score,0.6802204893667284
2018,general_PL,random,binding,333,train,mean_absolute_error,2.3364740676636098
2018,general_PL,random,binding,333,valid,pearson_r2_score,0.6717658364797194
2018,general_PL,random,binding,333,valid,mean_absolute_error,2.2859814624704513
2018,general_PL,random,binding,444,test,pearson_r2_score,0.6767173291001057
2018,general_PL,random,binding,444,test,mean_absolute_error,2.7233387036445813
2018,general_PL,random,binding,444,train,pearson_r2_score,0.5572490834498496
2018,general_PL,random,binding,444,train,mean_absolute_error,3.10178494250033
2018,general_PL,random,binding,444,valid,pearson_r2_score,0.6513673714024891
2018,general_PL,random,binding,444,valid,mean_absolute_error,3.1055046227254577
2018,general_PL,random,binding,555,test,pearson_r2_score,0.7431830659868814
2018,general_PL,random,binding,555,test,mean_absolute_error,2.4672279647435897
2018,general_PL,random,binding,555,train,pearson_r2_score,0.7350086194271545
2018,general_PL,random,binding,555,train,mean_absolute_error,2.7179638499405856
2018,general_PL,random,binding,555,valid,pearson_r2_score,0.7280613904488934
2018,general_PL,random,binding,555,valid,mean_absolute_error,2.756646273240511
2018,general_PL,scaffold,binding,111,test,pearson_r2_score,0.7505653526233119
2018,general_PL,scaffold,binding,111,test,mean_absolute_error,1.328164834438226
2018,general_PL,scaffold,binding,111,train,pearson_r2_score,0.7178908634052332
2018,general_PL,scaffold,binding,111,train,mean_absolute_error,1.212882685199215
2018,general_PL,scaffold,binding,111,valid,pearson_r2_score,0.6441754593820471
2018,general_PL,scaffold,binding,111,valid,mean_absolute_error,1.2752122328926052
2018,general_PL,scaffold,binding,222,test,pearson_r2_score,0.7556721491345431
2018,general_PL,scaffold,binding,222,test,mean_absolute_error,2.5022403767903643
2018,general_PL,scaffold,binding,222,train,pearson_r2_score,0.7272318804634654
2018,general_PL,scaffold,binding,222,train,mean_absolute_error,2.8329341683174896
2018,general_PL,scaffold,binding,222,valid,pearson_r2_score,0.7094850469617149
2018,general_PL,scaffold,binding,222,valid,mean_absolute_error,2.7506084835723748
2018,general_PL,scaffold,binding,333,test,pearson_r2_score,0.7031990828604292
2018,general_PL,scaffold,binding,333,test,mean_absolute_error,2.3771795685596957
2018,general_PL,scaffold,binding,333,train,pearson_r2_score,0.6472509062712856
2018,general_PL,scaffold,binding,333,train,mean_absolute_error,2.602601712600551
2018,general_PL,scaffold,binding,333,valid,pearson_r2_score,0.6326655234538436
2018,general_PL,scaffold,binding,333,valid,mean_absolute_error,2.647972615974655
2018,general_PL,scaffold,binding,444,test,pearson_r2_score,0.7837761314009709
2018,general_PL,scaffold,binding,444,test,mean_absolute_error,2.7005222670726283
2018,general_PL,scaffold,binding,444,train,pearson_r2_score,0.7071645231923225
2018,general_PL,scaffold,binding,444,train,mean_absolute_error,2.920471120899481
2018,general_PL,scaffold,binding,444,valid,pearson_r2_score,0.6093647462810642
2018,general_PL,scaffold,binding,444,valid,mean_absolute_error,2.8717751335176787
2018,general_PL,scaffold,binding,555,test,pearson_r2_score,0.7704827765069839
2018,general_PL,scaffold,binding,555,test,mean_absolute_error,2.7930845415164263
2018,general_PL,scaffold,binding,555,train,pearson_r2_score,0.6963434093515367
2018,general_PL,scaffold,binding,555,train,mean_absolute_error,3.0674283934203506
2018,general_PL,scaffold,binding,555,valid,pearson_r2_score,0.7610054830421332
2018,general_PL,scaffold,binding,555,valid,mean_absolute_error,2.9385840660389912
2018,general_PL,sequence,binding,111,test,pearson_r2_score,0.7357250734889692
2018,general_PL,sequence,binding,111,test,mean_absolute_error,3.5335338479066505
2018,general_PL,sequence,binding,111,train,pearson_r2_score,0.6540780456238147
2018,general_PL,sequence,binding,111,train,mean_absolute_error,3.7367162495794664
2018,general_PL,sequence,binding,111,valid,pearson_r2_score,0.6504685890812355
2018,general_PL,sequence,binding,111,valid,mean_absolute_error,3.8873687640669004
2018,general_PL,sequence,binding,222,test,pearson_r2_score,0.704377130659365
2018,general_PL,sequence,binding,222,test,mean_absolute_error,3.659240416991405
2018,general_PL,sequence,binding,222,train,pearson_r2_score,0.6667291999020415
2018,general_PL,sequence,binding,222,train,mean_absolute_error,3.7491430236073406
2018,general_PL,sequence,binding,222,valid,pearson_r2_score,0.7226558188890975
2018,general_PL,sequence,binding,222,valid,mean_absolute_error,3.723168515545104
2018,general_PL,sequence,binding,333,test,pearson_r2_score,0.7474041840685284
2018,general_PL,sequence,binding,333,test,mean_absolute_error,2.5453518647413986
2018,general_PL,sequence,binding,333,train,pearson_r2_score,0.6889529728135485
2018,general_PL,sequence,binding,333,train,mean_absolute_error,2.5056025942369793
2018,general_PL,sequence,binding,333,valid,pearson_r2_score,0.6932947050501972
2018,general_PL,sequence,binding,333,valid,mean_absolute_error,2.478598224836358
2018,general_PL,sequence,binding,444,test,pearson_r2_score,0.6732003113514942
2018,general_PL,sequence,binding,444,test,mean_absolute_error,2.324626668685522
2018,general_PL,sequence,binding,444,train,pearson_r2_score,0.6218887201062918
2018,general_PL,sequence,binding,444,train,mean_absolute_error,2.301203556351878
2018,general_PL,sequence,binding,444,valid,pearson_r2_score,0.5713302736865714
2018,general_PL,sequence,binding,444,valid,mean_absolute_error,2.399221279651822
2018,general_PL,sequence,binding,555,test,pearson_r2_score,0.6721417871903255
2018,general_PL,sequence,binding,555,test,mean_absolute_error,2.914481253892948
2018,general_PL,sequence,binding,555,train,pearson_r2_score,0.6553630618011529
2018,general_PL,sequence,binding,555,train,mean_absolute_error,2.9658012009794956
2018,general_PL,sequence,binding,555,valid,pearson_r2_score,0.6830783537086248
2018,general_PL,sequence,binding,555,valid,mean_absolute_error,3.0651506937706423
2018,general_PL,random,ligand,111,test,pearson_r2_score,0.7734427901838704
2018,general_PL,random,ligand,111,test,mean_absolute_error,0.9939319212497809
2018,general_PL,random,ligand,111,train,pearson_r2_score,0.5410644713895965
2018,general_PL,random,ligand,111,train,mean_absolute_error,1.8728359868225362
2018,general_PL,random,ligand,111,valid,pearson_r2_score,0.48931199227755195
2018,general_PL,random,ligand,111,valid,mean_absolute_error,1.7003249206051805
2018,general_PL,random,ligand,222,test,pearson_r2_score,0.7457608260939642
2018,general_PL,random,ligand,222,test,mean_absolute_error,1.6354818856655025
2018,general_PL,random,ligand,222,train,pearson_r2_score,0.5417717596502051
2018,general_PL,random,ligand,222,train,mean_absolute_error,2.4757525188947445
2018,general_PL,random,ligand,222,valid,pearson_r2_score,0.6699092756301513
2018,general_PL,random,ligand,222,valid,mean_absolute_error,2.2317356095375422
2018,general_PL,random,ligand,333,test,pearson_r2_score,0.7821320776925947
2018,general_PL,random,ligand,333,test,mean_absolute_error,2.0650015708727714
2018,general_PL,random,ligand,333,train,pearson_r2_score,0.630340639459564
2018,general_PL,random,ligand,333,train,mean_absolute_error,2.9801179531938655
2018,general_PL,random,ligand,333,valid,pearson_r2_score,0.7182633087895737
2018,general_PL,random,ligand,333,valid,mean_absolute_error,2.9894748593604614
2018,general_PL,random,ligand,444,test,pearson_r2_score,0.8138305507251761
2018,general_PL,random,ligand,444,test,mean_absolute_error,1.133674611018254
2018,general_PL,random,ligand,444,train,pearson_r2_score,0.6453696856687409
2018,general_PL,random,ligand,444,train,mean_absolute_error,1.8620873394252597
2018,general_PL,random,ligand,444,valid,pearson_r2_score,0.6132764034183572
2018,general_PL,random,ligand,444,valid,mean_absolute_error,1.8523444225327654
2018,general_PL,random,ligand,555,test,pearson_r2_score,0.7926426651387078
2018,general_PL,random,ligand,555,test,mean_absolute_error,0.9471074663798014
2018,general_PL,random,ligand,555,train,pearson_r2_score,0.6526840594169022
2018,general_PL,random,ligand,555,train,mean_absolute_error,1.4425589387583302
2018,general_PL,random,ligand,555,valid,pearson_r2_score,0.6516169821425861
2018,general_PL,random,ligand,555,valid,mean_absolute_error,1.314524642608708
2018,general_PL,scaffold,ligand,111,test,pearson_r2_score,0.8019796930091464
2018,general_PL,scaffold,ligand,111,test,mean_absolute_error,1.8674643281789929
2018,general_PL,scaffold,ligand,111,train,pearson_r2_score,0.45994705720276574
2018,general_PL,scaffold,ligand,111,train,mean_absolute_error,3.429757471598545
2018,general_PL,scaffold,ligand,111,valid,pearson_r2_score,0.4034242843610549
2018,general_PL,scaffold,ligand,111,valid,mean_absolute_error,3.4142508973215784
2018,general_PL,scaffold,ligand,222,test,pearson_r2_score,0.7985032134163668
2018,general_PL,scaffold,ligand,222,test,mean_absolute_error,1.548950034312713
2018,general_PL,scaffold,ligand,222,train,pearson_r2_score,0.6029611651176148
2018,general_PL,scaffold,ligand,222,train,mean_absolute_error,2.4888380320715293
2018,general_PL,scaffold,ligand,222,valid,pearson_r2_score,0.591347840360372
2018,general_PL,scaffold,ligand,222,valid,mean_absolute_error,2.6256838643151803
2018,general_PL,scaffold,ligand,333,test,pearson_r2_score,0.7461557493193977
2018,general_PL,scaffold,ligand,333,test,mean_absolute_error,1.4373866340441581
2018,general_PL,scaffold,ligand,333,train,pearson_r2_score,0.6573271432564038
2018,general_PL,scaffold,ligand,333,train,mean_absolute_error,2.073023536988498
2018,general_PL,scaffold,ligand,333,valid,pearson_r2_score,0.6073777044961574
2018,general_PL,scaffold,ligand,333,valid,mean_absolute_error,2.179070699830935
2018,general_PL,scaffold,ligand,444,test,pearson_r2_score,0.7910210760042388
2018,general_PL,scaffold,ligand,444,test,mean_absolute_error,1.5217405941302962
2018,general_PL,scaffold,ligand,444,train,pearson_r2_score,0.5463661084684474
2018,general_PL,scaffold,ligand,444,train,mean_absolute_error,2.482983177513259
2018,general_PL,scaffold,ligand,444,valid,pearson_r2_score,0.5160232994422028
2018,general_PL,scaffold,ligand,444,valid,mean_absolute_error,2.469329313867594
2018,general_PL,scaffold,ligand,555,test,pearson_r2_score,0.8122428850625399
2018,general_PL,scaffold,ligand,555,test,mean_absolute_error,1.3702296554369806
2018,general_PL,scaffold,ligand,555,train,pearson_r2_score,0.6036487730188703
2018,general_PL,scaffold,ligand,555,train,mean_absolute_error,2.199952485089264
2018,general_PL,scaffold,ligand,555,valid,pearson_r2_score,0.6213939440654029
2018,general_PL,scaffold,ligand,555,valid,mean_absolute_error,2.0496919479697557
2018,general_PL,sequence,ligand,111,test,pearson_r2_score,0.7388268233379658
2018,general_PL,sequence,ligand,111,test,mean_absolute_error,2.0561755241980917
2018,general_PL,sequence,ligand,111,train,pearson_r2_score,0.5078312816667556
2018,general_PL,sequence,ligand,111,train,mean_absolute_error,3.101925593914307
2018,general_PL,sequence,ligand,111,valid,pearson_r2_score,0.5842148479214349
2018,general_PL,sequence,ligand,111,valid,mean_absolute_error,3.123808103733308
2018,general_PL,sequence,ligand,222,test,pearson_r2_score,0.7235145114911922
2018,general_PL,sequence,ligand,222,test,mean_absolute_error,1.309546715173966
2018,general_PL,sequence,ligand,222,train,pearson_r2_score,0.520513628541808
2018,general_PL,sequence,ligand,222,train,mean_absolute_error,1.8199986672456006
2018,general_PL,sequence,ligand,222,valid,pearson_r2_score,0.48148461976631673
2018,general_PL,sequence,ligand,222,valid,mean_absolute_error,1.832782220316547
2018,general_PL,sequence,ligand,333,test,pearson_r2_score,0.7042027136117754
2018,general_PL,sequence,ligand,333,test,mean_absolute_error,1.2553096880790515
2018,general_PL,sequence,ligand,333,train,pearson_r2_score,0.4498269165344145
2018,general_PL,sequence,ligand,333,train,mean_absolute_error,1.739595214533742
2018,general_PL,sequence,ligand,333,valid,pearson_r2_score,0.4308449039344335
2018,general_PL,sequence,ligand,333,valid,mean_absolute_error,1.742270257532341
2018,general_PL,sequence,ligand,444,test,pearson_r2_score,0.7722860932174773
2018,general_PL,sequence,ligand,444,test,mean_absolute_error,1.3764867858886718
2018,general_PL,sequence,ligand,444,train,pearson_r2_score,0.5907290017007853
2018,general_PL,sequence,ligand,444,train,mean_absolute_error,1.9993144935435443
2018,general_PL,sequence,ligand,444,valid,pearson_r2_score,0.5142600887863026
2018,general_PL,sequence,ligand,444,valid,mean_absolute_error,2.082434059961671
2018,general_PL,sequence,ligand,555,test,pearson_r2_score,0.78385665936469
2018,general_PL,sequence,ligand,555,test,mean_absolute_error,2.5101035797901643
2018,general_PL,sequence,ligand,555,train,pearson_r2_score,0.55172607980404
2018,general_PL,sequence,ligand,555,train,mean_absolute_error,3.8701506454023136
2018,general_PL,sequence,ligand,555,valid,pearson_r2_score,0.49476281614359524
2018,general_PL,sequence,ligand,555,valid,mean_absolute_error,3.964818966157447
2018,general_PL,random,protein,111,test,pearson_r2_score,0.7638698506943971
2018,general_PL,random,protein,111,test,mean_absolute_error,2.1741292662009215
2018,general_PL,random,protein,111,train,pearson_r2_score,0.7371886990595427
2018,general_PL,random,protein,111,train,mean_absolute_error,2.1958149842440924
2018,general_PL,random,protein,111,valid,pearson_r2_score,0.7657601423794459
2018,general_PL,random,protein,111,valid,mean_absolute_error,2.2140851761322677
2018,general_PL,random,protein,222,test,pearson_r2_score,0.707612634342268
2018,general_PL,random,protein,222,test,mean_absolute_error,2.1788721790802783
2018,general_PL,random,protein,222,train,pearson_r2_score,0.6685509925533498
2018,general_PL,random,protein,222,train,mean_absolute_error,2.3280388565310903
2018,general_PL,random,protein,222,valid,pearson_r2_score,0.735798704731454
2018,general_PL,random,protein,222,valid,mean_absolute_error,2.3353115521868926
2018,general_PL,random,protein,333,test,pearson_r2_score,0.7362268940791721
2018,general_PL,random,protein,333,test,mean_absolute_error,1.4696954424931452
2018,general_PL,random,protein,333,train,pearson_r2_score,0.6924987263071172
2018,general_PL,random,protein,333,train,mean_absolute_error,1.395638821075
2018,general_PL,random,protein,333,valid,pearson_r2_score,0.7223931861192396
2018,general_PL,random,protein,333,valid,mean_absolute_error,1.4588394093329302
2018,general_PL,random,protein,444,test,pearson_r2_score,0.759994369477777
2018,general_PL,random,protein,444,test,mean_absolute_error,2.279600441957131
2018,general_PL,random,protein,444,train,pearson_r2_score,0.7111338718394847
2018,general_PL,random,protein,444,train,mean_absolute_error,2.3960206442868968
2018,general_PL,random,protein,444,valid,pearson_r2_score,0.6701409184631716
2018,general_PL,random,protein,444,valid,mean_absolute_error,2.454814084556481
2018,general_PL,random,protein,555,test,pearson_r2_score,0.7659281918736905
2018,general_PL,random,protein,555,test,mean_absolute_error,2.825195782001202
2018,general_PL,random,protein,555,train,pearson_r2_score,0.7022308686921667
2018,general_PL,random,protein,555,train,mean_absolute_error,2.959615040771473
2018,general_PL,random,protein,555,valid,pearson_r2_score,0.7745559121079448
2018,general_PL,random,protein,555,valid,mean_absolute_error,2.806313022073246
2018,general_PL,scaffold,protein,111,test,pearson_r2_score,0.6623192055493679
2018,general_PL,scaffold,protein,111,test,mean_absolute_error,3.5026784734481424
2018,general_PL,scaffold,protein,111,train,pearson_r2_score,0.711167295419117
2018,general_PL,scaffold,protein,111,train,mean_absolute_error,3.715160678170738
2018,general_PL,scaffold,protein,111,valid,pearson_r2_score,0.7368014129063412
2018,general_PL,scaffold,protein,111,valid,mean_absolute_error,3.6362244255491594
2018,general_PL,scaffold,protein,222,test,pearson_r2_score,0.7272250026957243
2018,general_PL,scaffold,protein,222,test,mean_absolute_error,3.809047375214406
2018,general_PL,scaffold,protein,222,train,pearson_r2_score,0.7092613816173857
2018,general_PL,scaffold,protein,222,train,mean_absolute_error,3.923437998057413
2018,general_PL,scaffold,protein,222,valid,pearson_r2_score,0.7598356429212996
2018,general_PL,scaffold,protein,222,valid,mean_absolute_error,3.999119351268326
2018,general_PL,scaffold,protein,333,test,pearson_r2_score,0.7290145315656835
2018,general_PL,scaffold,protein,333,test,mean_absolute_error,4.286508995251778
2018,general_PL,scaffold,protein,333,train,pearson_r2_score,0.6706532726864183
2018,general_PL,scaffold,protein,333,train,mean_absolute_error,4.719489074408303
2018,general_PL,scaffold,protein,333,valid,pearson_r2_score,0.5955848041030073
2018,general_PL,scaffold,protein,333,valid,mean_absolute_error,4.773487370961726
2018,general_PL,scaffold,protein,444,test,pearson_r2_score,0.7285453369823296
2018,general_PL,scaffold,protein,444,test,mean_absolute_error,3.0699254745092146
2018,general_PL,scaffold,protein,444,train,pearson_r2_score,0.6921937952854477
2018,general_PL,scaffold,protein,444,train,mean_absolute_error,3.2576361015651663
2018,general_PL,scaffold,protein,444,valid,pearson_r2_score,0.8014075333071339
2018,general_PL,scaffold,protein,444,valid,mean_absolute_error,3.2000969014311043
2018,general_PL,scaffold,protein,555,test,pearson_r2_score,0.5979731266718338
2018,general_PL,scaffold,protein,555,test,mean_absolute_error,1.4454291577461438
2018,general_PL,scaffold,protein,555,train,pearson_r2_score,0.7521794288865281
2018,general_PL,scaffold,protein,555,train,mean_absolute_error,1.2489514616562727
2018,general_PL,scaffold,protein,555,valid,pearson_r2_score,0.6905313257419259
2018,general_PL,scaffold,protein,555,valid,mean_absolute_error,1.2752853241130517
2018,general_PL,sequence,protein,111,test,pearson_r2_score,0.7412740438053651
2018,general_PL,sequence,protein,111,test,mean_absolute_error,4.452474020933494
2018,general_PL,sequence,protein,111,train,pearson_r2_score,0.6705663881057232
2018,general_PL,sequence,protein,111,train,mean_absolute_error,4.423271032141984
2018,general_PL,sequence,protein,111,valid,pearson_r2_score,0.7678553657438542
2018,general_PL,sequence,protein,111,valid,mean_absolute_error,4.403833687581729
2018,general_PL,sequence,protein,222,test,pearson_r2_score,0.742050990679656
2018,general_PL,sequence,protein,222,test,mean_absolute_error,1.2934143318763145
2018,general_PL,sequence,protein,222,train,pearson_r2_score,0.6683972162576273
2018,general_PL,sequence,protein,222,train,mean_absolute_error,1.0104352547712154
2018,general_PL,sequence,protein,222,valid,pearson_r2_score,0.6985445277346951
2018,general_PL,sequence,protein,222,valid,mean_absolute_error,1.014939160555729
2018,general_PL,sequence,protein,333,test,pearson_r2_score,0.6901544851329203
2018,general_PL,sequence,protein,333,test,mean_absolute_error,1.7904504374968697
2018,general_PL,sequence,protein,333,train,pearson_r2_score,0.68038201982971
2018,general_PL,sequence,protein,333,train,mean_absolute_error,1.6441388124948422
2018,general_PL,sequence,protein,333,valid,pearson_r2_score,0.7267501033065077
2018,general_PL,sequence,protein,333,valid,mean_absolute_error,1.57965865695937
2018,general_PL,sequence,protein,444,test,pearson_r2_score,0.6345566452421961
2018,general_PL,sequence,protein,444,test,mean_absolute_error,2.984716968829815
2018,general_PL,sequence,protein,444,train,pearson_r2_score,0.6945938933034747
2018,general_PL,sequence,protein,444,train,mean_absolute_error,2.7980783250358257
2018,general_PL,sequence,protein,444,valid,pearson_r2_score,0.67446720140625
2018,general_PL,sequence,protein,444,valid,mean_absolute_error,2.7611177449697077
2018,general_PL,sequence,protein,555,test,pearson_r2_score,0.7492240261106872
2018,general_PL,sequence,protein,555,test,mean_absolute_error,3.339972325251652
2018,general_PL,sequence,protein,555,train,pearson_r2_score,0.6873156498414827
2018,general_PL,sequence,protein,555,train,mean_absolute_error,3.2481649124981655
2018,general_PL,sequence,protein,555,valid,pearson_r2_score,0.7514998771770968
2018,general_PL,sequence,protein,555,valid,mean_absolute_error,3.36627849645983
2018,refined,random,binding,111,test,pearson_r2_score,0.7166531217126058
2018,refined,random,binding,111,test,mean_absolute_error,1.533673876346686
2018,refined,random,binding,111,train,pearson_r2_score,0.8757695404272234
2018,refined,random,binding,111,train,mean_absolute_error,1.458980388761923
2018,refined,random,binding,111,valid,pearson_r2_score,0.8442438702991146
2018,refined,random,binding,111,valid,mean_absolute_error,1.5446022290894479
2018,refined,random,binding,222,test,pearson_r2_score,0.6690693278484758
2018,refined,random,binding,222,test,mean_absolute_error,1.8150928387764171
2018,refined,random,binding,222,train,pearson_r2_score,0.8022753758933286
2018,refined,random,binding,222,train,mean_absolute_error,1.88079173638255
2018,refined,random,binding,222,valid,pearson_r2_score,0.7746054876656722
2018,refined,random,binding,222,valid,mean_absolute_error,1.9711338660933755
2018,refined,random,binding,333,test,pearson_r2_score,0.6236600688695431
2018,refined,random,binding,333,test,mean_absolute_error,1.55414829488901
2018,refined,random,binding,333,train,pearson_r2_score,0.7612158176249652
2018,refined,random,binding,333,train,mean_absolute_error,1.5904408745860128
2018,refined,random,binding,333,valid,pearson_r2_score,0.8013063551635533
2018,refined,random,binding,333,valid,mean_absolute_error,1.6581150769464896
2018,refined,random,binding,444,test,pearson_r2_score,0.6422663282631086
2018,refined,random,binding,444,test,mean_absolute_error,1.6597803597083458
2018,refined,random,binding,444,train,pearson_r2_score,0.7475356338938315
2018,refined,random,binding,444,train,mean_absolute_error,1.6588095955380497
2018,refined,random,binding,444,valid,pearson_r2_score,0.7265250899959925
2018,refined,random,binding,444,valid,mean_absolute_error,1.6643517956589207
2018,refined,random,binding,555,test,pearson_r2_score,0.7258029844526722
2018,refined,random,binding,555,test,mean_absolute_error,1.4931131450946515
2018,refined,random,binding,555,train,pearson_r2_score,0.8880014448974397
2018,refined,random,binding,555,train,mean_absolute_error,1.4863421675227535
2018,refined,random,binding,555,valid,pearson_r2_score,0.7837694777596425
2018,refined,random,binding,555,valid,mean_absolute_error,1.3041631863333962
2018,refined,scaffold,binding,111,test,pearson_r2_score,0.6637047109678262
2018,refined,scaffold,binding,111,test,mean_absolute_error,1.9868367955134463
2018,refined,scaffold,binding,111,train,pearson_r2_score,0.8207264042977214
2018,refined,scaffold,binding,111,train,mean_absolute_error,2.0766007199309513
2018,refined,scaffold,binding,111,valid,pearson_r2_score,0.7633622410939593
2018,refined,scaffold,binding,111,valid,mean_absolute_error,2.193119578433759
2018,refined,scaffold,binding,222,test,pearson_r2_score,0.6846489950347014
2018,refined,scaffold,binding,222,test,mean_absolute_error,1.6152814644055489
2018,refined,scaffold,binding,222,train,pearson_r2_score,0.8303595958651026
2018,refined,scaffold,binding,222,train,mean_absolute_error,1.6009096989750211
2018,refined,scaffold,binding,222,valid,pearson_r2_score,0.7755639275051494
2018,refined,scaffold,binding,222,valid,mean_absolute_error,1.6812808637908012
2018,refined,scaffold,binding,333,test,pearson_r2_score,0.6902934623652326
2018,refined,scaffold,binding,333,test,mean_absolute_error,1.57475930864383
2018,refined,scaffold,binding,333,train,pearson_r2_score,0.8492705096796158
2018,refined,scaffold,binding,333,train,mean_absolute_error,1.4883558586625374
2018,refined,scaffold,binding,333,valid,pearson_r2_score,0.8149952070548676
2018,refined,scaffold,binding,333,valid,mean_absolute_error,1.4645301740819756
2018,refined,scaffold,binding,444,test,pearson_r2_score,0.7063584697143451
2018,refined,scaffold,binding,444,test,mean_absolute_error,1.596143090370374
2018,refined,scaffold,binding,444,train,pearson_r2_score,0.8404022809474466
2018,refined,scaffold,binding,444,train,mean_absolute_error,1.5471434159968103
2018,refined,scaffold,binding,444,valid,pearson_r2_score,0.7984195781540853
2018,refined,scaffold,binding,444,valid,mean_absolute_error,1.4867955129796808
2018,refined,scaffold,binding,555,test,pearson_r2_score,0.7011160717116095
2018,refined,scaffold,binding,555,test,mean_absolute_error,1.4010785829592975
2018,refined,scaffold,binding,555,train,pearson_r2_score,0.8841707380095779
2018,refined,scaffold,binding,555,train,mean_absolute_error,1.3250537422041926
2018,refined,scaffold,binding,555,valid,pearson_r2_score,0.7412594679824076
2018,refined,scaffold,binding,555,valid,mean_absolute_error,1.4396896131110914
2018,refined,sequence,binding,111,test,pearson_r2_score,0.6581146206079198
2018,refined,sequence,binding,111,test,mean_absolute_error,2.3349012865897936
2018,refined,sequence,binding,111,train,pearson_r2_score,0.7643282368038746
2018,refined,sequence,binding,111,train,mean_absolute_error,2.4141751266299445
2018,refined,sequence,binding,111,valid,pearson_r2_score,0.7924183046492191
2018,refined,sequence,binding,111,valid,mean_absolute_error,2.465920489773606
2018,refined,sequence,binding,222,test,pearson_r2_score,0.5997753907798552
2018,refined,sequence,binding,222,test,mean_absolute_error,2.997596239823561
2018,refined,sequence,binding,222,train,pearson_r2_score,0.727294313232641
2018,refined,sequence,binding,222,train,mean_absolute_error,3.1771256441694242
2018,refined,sequence,binding,222,valid,pearson_r2_score,0.7579930770096002
2018,refined,sequence,binding,222,valid,mean_absolute_error,3.205587650067878
2018,refined,sequence,binding,333,test,pearson_r2_score,0.6291623243131215
2018,refined,sequence,binding,333,test,mean_absolute_error,3.21745468374399
2018,refined,sequence,binding,333,train,pearson_r2_score,0.7386497299849303
2018,refined,sequence,binding,333,train,mean_absolute_error,3.4956902975539745
2018,refined,sequence,binding,333,valid,pearson_r2_score,0.7465496529920127
2018,refined,sequence,binding,333,valid,mean_absolute_error,3.883885176109545
2018,refined,sequence,binding,444,test,pearson_r2_score,0.6300199242023328
2018,refined,sequence,binding,444,test,mean_absolute_error,3.133048790760529
2018,refined,sequence,binding,444,train,pearson_r2_score,0.7015274170186614
2018,refined,sequence,binding,444,train,mean_absolute_error,3.321998278926909
2018,refined,sequence,binding,444,valid,pearson_r2_score,0.6816399571216625
2018,refined,sequence,binding,444,valid,mean_absolute_error,3.1407180797692504
2018,refined,sequence,binding,555,test,pearson_r2_score,0.5734344073441686
2018,refined,sequence,binding,555,test,mean_absolute_error,3.5009163963122245
2018,refined,sequence,binding,555,train,pearson_r2_score,0.7471334776995405
2018,refined,sequence,binding,555,train,mean_absolute_error,3.6848293617431795
2018,refined,sequence,binding,555,valid,pearson_r2_score,0.7569499952771566
2018,refined,sequence,binding,555,valid,mean_absolute_error,3.88422732815598
2018,refined,random,ligand,111,test,pearson_r2_score,0.7810332703573429
2018,refined,random,ligand,111,test,mean_absolute_error,1.0279620400453224
2018,refined,random,ligand,111,train,pearson_r2_score,0.8538576186402201
2018,refined,random,ligand,111,train,mean_absolute_error,0.8596698302595714
2018,refined,random,ligand,111,valid,pearson_r2_score,0.7497939209404358
2018,refined,random,ligand,111,valid,mean_absolute_error,1.0791272810011199
2018,refined,random,ligand,222,test,pearson_r2_score,0.7892266863623824
2018,refined,random,ligand,222,test,mean_absolute_error,0.9436025035564716
2018,refined,random,ligand,222,train,pearson_r2_score,0.8101875797073506
2018,refined,random,ligand,222,train,mean_absolute_error,0.9468493330031571
2018,refined,random,ligand,222,valid,pearson_r2_score,0.5714462681492176
2018,refined,random,ligand,222,valid,mean_absolute_error,1.431412402644302
2018,refined,random,ligand,333,test,pearson_r2_score,0.7501047143479952
2018,refined,random,ligand,333,test,mean_absolute_error,1.199657308040521
2018,refined,random,ligand,333,train,pearson_r2_score,0.7948117486571102
2018,refined,random,ligand,333,train,mean_absolute_error,1.3090574201550906
2018,refined,random,ligand,333,valid,pearson_r2_score,0.7310189466453421
2018,refined,random,ligand,333,valid,mean_absolute_error,1.2681387128251973
2018,refined,random,ligand,444,test,pearson_r2_score,0.7840874288392462
2018,refined,random,ligand,444,test,mean_absolute_error,1.1354834714547182
2018,refined,random,ligand,444,train,pearson_r2_score,0.8393828742570917
2018,refined,random,ligand,444,train,mean_absolute_error,1.0437512976842946
2018,refined,random,ligand,444,valid,pearson_r2_score,0.7953003888088295
2018,refined,random,ligand,444,valid,mean_absolute_error,1.1625001114064997
2018,refined,random,ligand,555,test,pearson_r2_score,0.7913045850028617
2018,refined,random,ligand,555,test,mean_absolute_error,1.0309914649572127
2018,refined,random,ligand,555,train,pearson_r2_score,0.8454509990154957
2018,refined,random,ligand,555,train,mean_absolute_error,0.9794034131368002
2018,refined,random,ligand,555,valid,pearson_r2_score,0.7774086265603825
2018,refined,random,ligand,555,valid,mean_absolute_error,1.0520611837415985
2018,refined,scaffold,ligand,111,test,pearson_r2_score,0.7406043314427878
2018,refined,scaffold,ligand,111,test,mean_absolute_error,1.2789912081009303
2018,refined,scaffold,ligand,111,train,pearson_r2_score,0.7908444978980423
2018,refined,scaffold,ligand,111,train,mean_absolute_error,1.1619414627808236
2018,refined,scaffold,ligand,111,valid,pearson_r2_score,0.7683328382935922
2018,refined,scaffold,ligand,111,valid,mean_absolute_error,1.2365492282491743
2018,refined,scaffold,ligand,222,test,pearson_r2_score,0.6974138938091742
2018,refined,scaffold,ligand,222,test,mean_absolute_error,1.207113159130781
2018,refined,scaffold,ligand,222,train,pearson_r2_score,0.7726861019530439
2018,refined,scaffold,ligand,222,train,mean_absolute_error,0.9962751576069585
2018,refined,scaffold,ligand,222,valid,pearson_r2_score,0.7608394257228336
2018,refined,scaffold,ligand,222,valid,mean_absolute_error,0.8341764846715061
2018,refined,scaffold,ligand,333,test,pearson_r2_score,0.7883032025771092
2018,refined,scaffold,ligand,333,test,mean_absolute_error,1.0244697014246231
2018,refined,scaffold,ligand,333,train,pearson_r2_score,0.8460321476444521
2018,refined,scaffold,ligand,333,train,mean_absolute_error,0.8927875183023484
2018,refined,scaffold,ligand,333,valid,pearson_r2_score,0.81791611153549
2018,refined,scaffold,ligand,333,valid,mean_absolute_error,1.1625057605541114
2018,refined,scaffold,ligand,444,test,pearson_r2_score,0.7791990966197418
2018,refined,scaffold,ligand,444,test,mean_absolute_error,1.2910582411839413
2018,refined,scaffold,ligand,444,train,pearson_r2_score,0.811139600230495
2018,refined,scaffold,ligand,444,train,mean_absolute_error,1.3866180225570042
2018,refined,scaffold,ligand,444,valid,pearson_r2_score,0.6606306030689745
2018,refined,scaffold,ligand,444,valid,mean_absolute_error,1.5170209762544342
2018,refined,scaffold,ligand,555,test,pearson_r2_score,0.8061374911708341
2018,refined,scaffold,ligand,555,test,mean_absolute_error,1.0434225387573242
2018,refined,scaffold,ligand,555,train,pearson_r2_score,0.8442632432300652
2018,refined,scaffold,ligand,555,train,mean_absolute_error,0.9977815214752699
2018,refined,scaffold,ligand,555,valid,pearson_r2_score,0.7151445864916195
2018,refined,scaffold,ligand,555,valid,mean_absolute_error,1.2432599657954593
2018,refined,sequence,ligand,111,test,pearson_r2_score,0.7733322666653338
2018,refined,sequence,ligand,111,test,mean_absolute_error,1.7057367883339905
2018,refined,sequence,ligand,111,train,pearson_r2_score,0.7806238266689942
2018,refined,sequence,ligand,111,train,mean_absolute_error,1.6280456683387547
2018,refined,sequence,ligand,111,valid,pearson_r2_score,0.7399180130260036
2018,refined,sequence,ligand,111,valid,mean_absolute_error,1.7221408143188015
2018,refined,sequence,ligand,222,test,pearson_r2_score,0.7761622991229368
2018,refined,sequence,ligand,222,test,mean_absolute_error,2.3600630931365183
2018,refined,sequence,ligand,222,train,pearson_r2_score,0.7584923967117515
2018,refined,sequence,ligand,222,train,mean_absolute_error,2.131935114999185
2018,refined,sequence,ligand,222,valid,pearson_r2_score,0.8084453328448659
2018,refined,sequence,ligand,222,valid,mean_absolute_error,2.3505654580665354
2018,refined,sequence,ligand,333,test,pearson_r2_score,0.7706574523350715
2018,refined,sequence,ligand,333,test,mean_absolute_error,2.091660328596066
2018,refined,sequence,ligand,333,train,pearson_r2_score,0.7883700425801061
2018,refined,sequence,ligand,333,train,mean_absolute_error,1.9526467010716673
2018,refined,sequence,ligand,333,valid,pearson_r2_score,0.68449619455944
2018,refined,sequence,ligand,333,valid,mean_absolute_error,2.2411362393697103
2018,refined,sequence,ligand,444,test,pearson_r2_score,0.8006830969646621
2018,refined,sequence,ligand,444,test,mean_absolute_error,1.7812626168666743
2018,refined,sequence,ligand,444,train,pearson_r2_score,0.8432808086004926
2018,refined,sequence,ligand,444,train,mean_absolute_error,1.6868457339013925
2018,refined,sequence,ligand,444,valid,pearson_r2_score,0.6567463038705434
2018,refined,sequence,ligand,444,valid,mean_absolute_error,1.8176507150043142
2018,refined,sequence,ligand,555,test,pearson_r2_score,0.778346253242309
2018,refined,sequence,ligand,555,test,mean_absolute_error,2.2438979199727376
2018,refined,sequence,ligand,555,train,pearson_r2_score,0.7914196683812188
2018,refined,sequence,ligand,555,train,mean_absolute_error,2.0652097592191057
2018,refined,sequence,ligand,555,valid,pearson_r2_score,0.7147985258085569
2018,refined,sequence,ligand,555,valid,mean_absolute_error,2.085442976554235
2018,refined,random,protein,111,test,pearson_r2_score,0.704527786894486
2018,refined,random,protein,111,test,mean_absolute_error,1.7193129421136317
2018,refined,random,protein,111,train,pearson_r2_score,0.7969736871341402
2018,refined,random,protein,111,train,mean_absolute_error,1.7731369510141044
2018,refined,random,protein,111,valid,pearson_r2_score,0.7879002840069277
2018,refined,random,protein,111,valid,mean_absolute_error,1.86251507694071
2018,refined,random,protein,222,test,pearson_r2_score,0.7611517988772192
2018,refined,random,protein,222,test,mean_absolute_error,2.0921083444448616
2018,refined,random,protein,222,train,pearson_r2_score,0.8142210144739372
2018,refined,random,protein,222,train,mean_absolute_error,2.228000636721682
2018,refined,random,protein,222,valid,pearson_r2_score,0.7901869807235619
2018,refined,random,protein,222,valid,mean_absolute_error,2.2571448418588353
2018,refined,random,protein,333,test,pearson_r2_score,0.673570598197586
2018,refined,random,protein,333,test,mean_absolute_error,1.8681468595847104
2018,refined,random,protein,333,train,pearson_r2_score,0.7899707913104947
2018,refined,random,protein,333,train,mean_absolute_error,1.9225165499507553
2018,refined,random,protein,333,valid,pearson_r2_score,0.7964247760811802
2018,refined,random,protein,333,valid,mean_absolute_error,1.9676771166830354
2018,refined,random,protein,444,test,pearson_r2_score,0.7291956973772146
2018,refined,random,protein,444,test,mean_absolute_error,1.7594627196483121
2018,refined,random,protein,444,train,pearson_r2_score,0.8292466206010626
2018,refined,random,protein,444,train,mean_absolute_error,1.8379587194520717
2018,refined,random,protein,444,valid,pearson_r2_score,0.7778384010494602
2018,refined,random,protein,444,valid,mean_absolute_error,1.7750574710152367
2018,refined,random,protein,555,test,pearson_r2_score,0.7305675026099054
2018,refined,random,protein,555,test,mean_absolute_error,1.3948779795720028
2018,refined,random,protein,555,train,pearson_r2_score,0.8268548913593039
2018,refined,random,protein,555,train,mean_absolute_error,1.2771396598864142
2018,refined,random,protein,555,valid,pearson_r2_score,0.8288385488556291
2018,refined,random,protein,555,valid,mean_absolute_error,1.3439838605938537
2018,refined,scaffold,protein,111,test,pearson_r2_score,0.7439996888431889
2018,refined,scaffold,protein,111,test,mean_absolute_error,1.401291544987605
2018,refined,scaffold,protein,111,train,pearson_r2_score,0.8366472087906162
2018,refined,scaffold,protein,111,train,mean_absolute_error,1.2756269522633574
2018,refined,scaffold,protein,111,valid,pearson_r2_score,0.8240664893407487
2018,refined,scaffold,protein,111,valid,mean_absolute_error,1.3300688067349522
2018,refined,scaffold,protein,222,test,pearson_r2_score,0.7328764032991542
2018,refined,scaffold,protein,222,test,mean_absolute_error,1.9797429659916803
2018,refined,scaffold,protein,222,train,pearson_r2_score,0.7933817333297835
2018,refined,scaffold,protein,222,train,mean_absolute_error,2.0941071099427195
2018,refined,scaffold,protein,222,valid,pearson_r2_score,0.8242417157863834
2018,refined,scaffold,protein,222,valid,mean_absolute_error,1.8441075923226096
2018,refined,scaffold,protein,333,test,pearson_r2_score,0.7375198318273362
2018,refined,scaffold,protein,333,test,mean_absolute_error,1.6636636649889822
2018,refined,scaffold,protein,333,train,pearson_r2_score,0.8056681323430624
2018,refined,scaffold,protein,333,train,mean_absolute_error,1.6439517995751562
2018,refined,scaffold,protein,333,valid,pearson_r2_score,0.740643401176128
2018,refined,scaffold,protein,333,valid,mean_absolute_error,1.836500614628647
2018,refined,scaffold,protein,444,test,pearson_r2_score,0.7402642446615301
2018,refined,scaffold,protein,444,test,mean_absolute_error,1.8317283313457782
2018,refined,scaffold,protein,444,train,pearson_r2_score,0.825120323932352
2018,refined,scaffold,protein,444,train,mean_absolute_error,1.9200112151135083
2018,refined,scaffold,protein,444,valid,pearson_r2_score,0.8155821818466197
2018,refined,scaffold,protein,444,valid,mean_absolute_error,2.060019256996386
2018,refined,scaffold,protein,555,test,pearson_r2_score,0.7619278865626715
2018,refined,scaffold,protein,555,test,mean_absolute_error,1.8913865419045472
2018,refined,scaffold,protein,555,train,pearson_r2_score,0.8183844836855914
2018,refined,scaffold,protein,555,train,mean_absolute_error,1.973132707649678
2018,refined,scaffold,protein,555,valid,pearson_r2_score,0.8991241094055208
2018,refined,scaffold,protein,555,valid,mean_absolute_error,1.9475342351740057
2018,refined,sequence,protein,111,test,pearson_r2_score,0.6907830194996541
2018,refined,sequence,protein,111,test,mean_absolute_error,2.7529114712446163
2018,refined,sequence,protein,111,train,pearson_r2_score,0.7869523228129822
2018,refined,sequence,protein,111,train,mean_absolute_error,2.7868799277272243
2018,refined,sequence,protein,111,valid,pearson_r2_score,0.7790225346223772
2018,refined,sequence,protein,111,valid,mean_absolute_error,2.9094954245018236
2018,refined,sequence,protein,222,test,pearson_r2_score,0.7129165893668121
2018,refined,sequence,protein,222,test,mean_absolute_error,2.681719604100936
2018,refined,sequence,protein,222,train,pearson_r2_score,0.7829856500811346
2018,refined,sequence,protein,222,train,mean_absolute_error,2.783751657793806
2018,refined,sequence,protein,222,valid,pearson_r2_score,0.7792876135287802
2018,refined,sequence,protein,222,valid,mean_absolute_error,2.6529448160980684
2018,refined,sequence,protein,333,test,pearson_r2_score,0.6413566252036079
2018,refined,sequence,protein,333,test,mean_absolute_error,3.026912498474121
2018,refined,sequence,protein,333,train,pearson_r2_score,0.7017658949642189
2018,refined,sequence,protein,333,train,mean_absolute_error,2.949978132171566
2018,refined,sequence,protein,333,valid,pearson_r2_score,0.7130510619005047
2018,refined,sequence,protein,333,valid,mean_absolute_error,3.112528135921016
2018,refined,sequence,protein,444,test,pearson_r2_score,0.7133145792148461
2018,refined,sequence,protein,444,test,mean_absolute_error,2.581046624599359
2018,refined,sequence,protein,444,train,pearson_r2_score,0.7657816254478341
2018,refined,sequence,protein,444,train,mean_absolute_error,2.691295587127338
2018,refined,sequence,protein,444,valid,pearson_r2_score,0.7769215667638036
2018,refined,sequence,protein,444,valid,mean_absolute_error,2.6284753776319096
2018,refined,sequence,protein,555,test,pearson_r2_score,0.6744466585326833
2018,refined,sequence,protein,555,test,mean_absolute_error,3.757906413347293
2018,refined,sequence,protein,555,train,pearson_r2_score,0.6999355205564998
2018,refined,sequence,protein,555,train,mean_absolute_error,4.071025700977066
2018,refined,sequence,protein,555,valid,pearson_r2_score,0.882868826614113
2018,refined,sequence,protein,555,valid,mean_absolute_error,3.8325645397648667
