Kinase SK No.	Kinase name	PDBID	PDB chain	Kinase Group	Kinase Family	VX745 (52P)	Gefitinib (IRE)	BI2536 (R78)	LY333531 (LY4)	CP690550 (MI1)	Erlotinib (AQ4)	Dasatinib (1N1)	Vandetanib (ZD6)	A674563 (SS3)	Flavopiridol (CPB)	VX680MK0457 (VX6)	Sunitinib (B49)	TAE684 (GUI)	Staurosporine (STU)	Crizotinib (VGH)	SB203580 (SB2)	R406 (585)
SK006	ABL1	2GQG	A	TK	Abl	-41.381(Rank-50/pIC50-5)	-62.036(Rank-5/pIC50-6.4)	-44.696(Rank-67/pIC50-5.23)	-68.464(Rank-28/pIC50-5)	-41.104(Rank-45/pIC50-5)	-44.773(Rank-21/pIC50-7.2)	-67.694(Rank-14/pIC50-10.33)	-55.219(Rank-25/pIC50-7.89)	-63.338(Rank-22/pIC50-5)	-61.897(Rank-20/pIC50-5.8)	-55.756(Rank-21/pIC50-8.52)	-31.465(Rank-11/pIC50-6.74)	-38.346(Rank-121/pIC50-6.72)	-56.525(Rank-119/pIC50-7.66)	-47.449(Rank-60/pIC50-6.77)	-58.383(Rank-1/pIC50-5)	-53.805(Rank-3/pIC50-6.66)
SK009	ACK	3EQR	B	TK	Ack	-40.227(Rank-69/pIC50-5)	-44.049(Rank-96/pIC50-5)	-41.055(Rank-89/pIC50-5)	-69.103(Rank-25/pIC50-5)	-40.317(Rank-57/pIC50-5)	-33.389(Rank-116/pIC50-5)	-55.589(Rank-66/pIC50-8.25)	-44.827(Rank-98/pIC50-5)	-49.898(Rank-96/pIC50-5)	-57.144(Rank-51/pIC50-5)	-45.453(Rank-81/pIC50-5.36)	-17.398(Rank-42/pIC50-5.05)	-49.114(Rank-49/pIC50-8.7)	-61.139(Rank-97/pIC50-7.8)	-45.723(Rank-73/pIC50-6.12)	-48.206(Rank-42/pIC50-5)	-47.100(Rank-28/pIC50-7.15)
SK010	ACTR2	3Q4T	A	TKL	STKR	-39.300(Rank-81/pIC50-5)	-48.818(Rank-70/pIC50-5)	-34.951(Rank-126/pIC50-5)	-55.408(Rank-109/pIC50-5)	-39.942(Rank-60/pIC50-5)	-43.242(Rank-35/pIC50-5)	-57.725(Rank-50/pIC50-6.68)	-47.185(Rank-83/pIC50-5)	-44.051(Rank-118/pIC50-5)	-48.622(Rank-111/pIC50-5.51)	-41.842(Rank-109/pIC50-5)	2.577(Rank-125/pIC50-5)	-48.324(Rank-53/pIC50-5.66)	-59.476(Rank-105/pIC50-5.05)	-41.078(Rank-102/pIC50-5)	-47.517(Rank-46/pIC50-5)	-40.517(Rank-84/pIC50-5)
SK011	ACTR2B	2QLU	A	TKL	STKR	-45.058(Rank-24/pIC50-5)	-46.914(Rank-79/pIC50-5)	-44.509(Rank-70/pIC50-5)	-64.742(Rank-54/pIC50-5)	-41.098(Rank-46/pIC50-5)	-35.434(Rank-105/pIC50-5)	-60.943(Rank-27/pIC50-6.24)	-48.269(Rank-78/pIC50-5)	-28.885(Rank-142/pIC50-5)	-46.400(Rank-119/pIC50-5.62)	-42.477(Rank-103/pIC50-5)	3.722(Rank-128/pIC50-5)	-44.734(Rank-80/pIC50-5.37)	-69.211(Rank-52/pIC50-5.34)	-48.947(Rank-52/pIC50-5)	-54.430(Rank-5/pIC50-5)	-36.909(Rank-109/pIC50-5)
SK018	AKT1	3QKK	A	AGC	Akt	-43.627(Rank-34/pIC50-5)	-55.751(Rank-17/pIC50-5)	-91.508(Rank-1/pIC50-5)	-66.739(Rank-36/pIC50-5)	-33.636(Rank-109/pIC50-5)	-52.815(Rank-2/pIC50-5)	-88.133(Rank-2/pIC50-5)	-94.276(Rank-1/pIC50-5)	-65.760(Rank-14/pIC50-7.12)	-62.024(Rank-19/pIC50-5)	-78.867(Rank-5/pIC50-5)	NA	-47.240(Rank-61/pIC50-5)	-75.448(Rank-16/pIC50-7.7)	-75.651(Rank-6/pIC50-5)	-35.888(Rank-129/pIC50-5)	-49.984(Rank-16/pIC50-5)
SK019	AKT2	3D0E	B	AGC	Akt	-36.130(Rank-106/pIC50-5)	-68.088(Rank-1/pIC50-5)	-84.812(Rank-2/pIC50-5)	-80.750(Rank-2/pIC50-5.06)	-33.917(Rank-105/pIC50-5)	-41.661(Rank-45/pIC50-5)	-85.472(Rank-4/pIC50-5)	-71.680(Rank-5/pIC50-5)	-66.365(Rank-11/pIC50-5.54)	-54.569(Rank-69/pIC50-5)	-75.915(Rank-6/pIC50-5)	-53.064(Rank-2/pIC50-5.57)	-66.612(Rank-2/pIC50-5)	-84.839(Rank-3/pIC50-7.36)	-80.758(Rank-3/pIC50-5)	-36.475(Rank-127/pIC50-5)	-56.710(Rank-2/pIC50-5)
SK024	ALK	2XB7	A	TK	ALK	-46.998(Rank-13/pIC50-5)	-57.352(Rank-12/pIC50-5)	-53.983(Rank-13/pIC50-6.8)	-66.315(Rank-40/pIC50-5)	-44.531(Rank-24/pIC50-5)	-44.530(Rank-22/pIC50-5.92)	-52.511(Rank-78/pIC50-5)	-43.101(Rank-110/pIC50-5.68)	-50.879(Rank-90/pIC50-5)	-58.849(Rank-40/pIC50-6.17)	-46.436(Rank-71/pIC50-5.51)	-9.938(Rank-89/pIC50-6.77)	-51.449(Rank-32/pIC50-8.96)	-69.093(Rank-54/pIC50-7.49)	-53.153(Rank-29/pIC50-8.48)	-41.824(Rank-92/pIC50-5)	-45.440(Rank-37/pIC50-6.62)
SK025	ALK1	3MY0	K	TKL	STKR	-41.627(Rank-48/pIC50-5)	NA	-40.004(Rank-96/pIC50-5)	-60.091(Rank-88/pIC50-5)	-40.477(Rank-55/pIC50-5)	-36.619(Rank-94/pIC50-5)	-60.515(Rank-30/pIC50-6.34)	-48.972(Rank-70/pIC50-6.33)	-51.267(Rank-87/pIC50-5)	-50.537(Rank-100/pIC50-5.35)	-47.986(Rank-59/pIC50-5.02)	-18.803(Rank-35/pIC50-5)	-44.027(Rank-87/pIC50-7.24)	-66.890(Rank-68/pIC50-5)	-49.727(Rank-48/pIC50-5)	-49.862(Rank-26/pIC50-5)	-40.788(Rank-79/pIC50-5)
SK026	ALK2	3H9R	A	TKL	STKR	-42.732(Rank-43/pIC50-5)	-51.982(Rank-38/pIC50-5)	-45.718(Rank-59/pIC50-5)	-61.304(Rank-75/pIC50-5)	-37.667(Rank-77/pIC50-5)	-43.607(Rank-32/pIC50-5)	-59.700(Rank-35/pIC50-6.21)	-53.389(Rank-42/pIC50-6.82)	-53.282(Rank-74/pIC50-5)	-62.143(Rank-17/pIC50-5.72)	-54.611(Rank-25/pIC50-5.72)	-27.150(Rank-15/pIC50-5)	-50.481(Rank-39/pIC50-7.54)	-64.353(Rank-83/pIC50-6.33)	-48.424(Rank-55/pIC50-6.36)	-41.731(Rank-95/pIC50-5)	-39.293(Rank-96/pIC50-5.32)
SK029	TGFBR1	2X7O	C	TKL	STKR	-38.060(Rank-90/pIC50-5)	-50.552(Rank-52/pIC50-5)	-39.134(Rank-104/pIC50-5)	-59.759(Rank-91/pIC50-5)	-36.069(Rank-94/pIC50-5)	-42.922(Rank-40/pIC50-5)	-59.700(Rank-36/pIC50-6.64)	-41.930(Rank-115/pIC50-5)	-43.836(Rank-119/pIC50-5)	-55.951(Rank-63/pIC50-5)	-43.468(Rank-96/pIC50-5.08)	-18.603(Rank-37/pIC50-5)	-49.245(Rank-48/pIC50-6.72)	-55.236(Rank-121/pIC50-5.7)	-39.839(Rank-108/pIC50-6)	-36.361(Rank-128/pIC50-5.15)	-40.005(Rank-90/pIC50-5.59)
SK030	BMPR1B	3MDY	C	TKL	STKR	-40.726(Rank-60/pIC50-5)	-45.406(Rank-86/pIC50-5)	-34.564(Rank-130/pIC50-5)	-54.815(Rank-113/pIC50-5)	-44.700(Rank-20/pIC50-5)	-38.203(Rank-82/pIC50-5)	-59.700(Rank-37/pIC50-7.28)	-43.651(Rank-108/pIC50-6.62)	-41.895(Rank-127/pIC50-5)	-59.687(Rank-31/pIC50-6.35)	-49.646(Rank-48/pIC50-5.96)	-6.798(Rank-103/pIC50-5.62)	-37.615(Rank-124/pIC50-9.07)	-58.033(Rank-114/pIC50-6.77)	-45.343(Rank-75/pIC50-6.64)	-50.680(Rank-20/pIC50-5.48)	-48.602(Rank-21/pIC50-6.14)
SK032	AMPKA1	2Y94	A	CAMK	CAMKL	-43.504(Rank-36/pIC50-5)	-51.722(Rank-42/pIC50-5)	-31.334(Rank-134/pIC50-5)	-63.553(Rank-58/pIC50-5)	-49.848(Rank-5/pIC50-5)	-34.732(Rank-110/pIC50-5)	-59.700(Rank-38/pIC50-5)	-40.489(Rank-119/pIC50-5.52)	-55.733(Rank-60/pIC50-5)	-49.996(Rank-102/pIC50-5)	-31.817(Rank-140/pIC50-5.96)	-12.305(Rank-73/pIC50-7.72)	-30.670(Rank-140/pIC50-7.57)	-73.124(Rank-32/pIC50-8.43)	-45.824(Rank-72/pIC50-5.62)	-40.358(Rank-105/pIC50-5)	-36.499(Rank-110/pIC50-6.52)
SK037	ABL2	3NSV	C	TK	Abl	-53.453(Rank-1/pIC50-5.72)	-62.824(Rank-4/pIC50-5.8)	-38.890(Rank-107/pIC50-5)	-69.201(Rank-23/pIC50-5)	-40.398(Rank-56/pIC50-5)	-51.787(Rank-3/pIC50-6.7)	-66.212(Rank-18/pIC50-9.77)	-55.700(Rank-22/pIC50-7.16)	-58.474(Rank-42/pIC50-5)	-48.635(Rank-110/pIC50-5)	-56.488(Rank-16/pIC50-8.4)	8.992(Rank-136/pIC50-6)	-62.708(Rank-4/pIC50-6.42)	-82.963(Rank-5/pIC50-6.96)	-54.515(Rank-20/pIC50-6.34)	-53.122(Rank-7/pIC50-5)	-51.461(Rank-7/pIC50-6.14)
SK050	BRAF	3PSD	A	TKL	RAF	-36.071(Rank-107/pIC50-5)	-50.387(Rank-55/pIC50-5)	-39.739(Rank-97/pIC50-5)	-69.508(Rank-22/pIC50-5)	-36.837(Rank-86/pIC50-5)	-43.238(Rank-36/pIC50-5)	-56.470(Rank-61/pIC50-6.3)	-45.218(Rank-96/pIC50-5)	-65.303(Rank-16/pIC50-5)	-60.558(Rank-26/pIC50-5)	-43.290(Rank-98/pIC50-5)	-6.543(Rank-104/pIC50-5)	-51.578(Rank-31/pIC50-5)	-65.809(Rank-78/pIC50-5)	-44.566(Rank-84/pIC50-5)	-47.531(Rank-45/pIC50-6.15)	-49.798(Rank-17/pIC50-6.62)
SK052	BTK	1K2P	A	TK	Tec	-41.575(Rank-49/pIC50-5)	-44.165(Rank-94/pIC50-5)	-50.621(Rank-24/pIC50-5)	NA	-51.195(Rank-2/pIC50-5)	-44.377(Rank-23/pIC50-5)	-59.827(Rank-34/pIC50-8.85)	-45.910(Rank-93/pIC50-5.77)	-57.062(Rank-56/pIC50-5)	-64.302(Rank-12/pIC50-5)	-50.862(Rank-44/pIC50-5.36)	-22.659(Rank-20/pIC50-5.68)	-58.555(Rank-5/pIC50-7.64)	-61.560(Rank-96/pIC50-6.68)	-52.025(Rank-35/pIC50-5.11)	-48.629(Rank-37/pIC50-5)	NA
SK057	CAMK2A	2VZ6	B	CAMK	CAMK2	-40.505(Rank-67/pIC50-5)	-49.522(Rank-66/pIC50-5)	-42.319(Rank-82/pIC50-5.89)	-66.073(Rank-43/pIC50-5.35)	-45.186(Rank-15/pIC50-5.46)	-38.254(Rank-81/pIC50-5)	-47.597(Rank-106/pIC50-5)	-44.062(Rank-104/pIC50-5)	-57.088(Rank-55/pIC50-6.49)	-51.557(Rank-92/pIC50-5.77)	-38.037(Rank-125/pIC50-5)	-9.024(Rank-94/pIC50-7.1)	-51.936(Rank-30/pIC50-6.01)	-74.017(Rank-28/pIC50-9.8)	-42.453(Rank-95/pIC50-5)	-27.068(Rank-138/pIC50-5)	-43.843(Rank-48/pIC50-5.96)
SK058	CAMK2B	3BHH	B	CAMK	CAMK2	-41.138(Rank-54/pIC50-5)	-50.694(Rank-51/pIC50-5)	-61.976(Rank-7/pIC50-5.38)	-60.159(Rank-87/pIC50-5)	-41.868(Rank-40/pIC50-5)	-36.345(Rank-96/pIC50-5)	-50.235(Rank-85/pIC50-5)	-41.737(Rank-117/pIC50-5)	-57.492(Rank-52/pIC50-6.01)	-56.884(Rank-55/pIC50-5.33)	-46.055(Rank-72/pIC50-5)	-16.496(Rank-47/pIC50-5.85)	-43.761(Rank-88/pIC50-5.72)	-72.610(Rank-33/pIC50-8.89)	-43.187(Rank-92/pIC50-5)	-41.508(Rank-98/pIC50-5)	-28.655(Rank-132/pIC50-5)
SK060	CAMK2G	2V7O	A	CAMK	CAMK2	-34.244(Rank-120/pIC50-5)	-37.744(Rank-131/pIC50-5)	-37.958(Rank-112/pIC50-5.92)	-53.750(Rank-118/pIC50-5.11)	-28.114(Rank-134/pIC50-5)	-35.452(Rank-103/pIC50-5)	-41.478(Rank-131/pIC50-5)	-46.407(Rank-89/pIC50-5)	-60.249(Rank-36/pIC50-6.05)	-47.139(Rank-118/pIC50-5.59)	-33.186(Rank-138/pIC50-5)	-12.477(Rank-71/pIC50-6.16)	-37.866(Rank-122/pIC50-6.11)	-66.246(Rank-73/pIC50-9.26)	-43.757(Rank-90/pIC50-5)	-31.651(Rank-135/pIC50-5)	-33.960(Rank-118/pIC50-6.04)
SK061	CAMK4	2W4O	A	CAMK	CAMK1	-35.008(Rank-115/pIC50-5)	-40.377(Rank-122/pIC50-5)	-35.851(Rank-121/pIC50-5)	-42.277(Rank-139/pIC50-5)	-41.485(Rank-43/pIC50-5)	-28.966(Rank-134/pIC50-5)	-34.703(Rank-143/pIC50-5)	-38.063(Rank-126/pIC50-5)	-32.340(Rank-141/pIC50-6.15)	-41.481(Rank-137/pIC50-5.49)	-38.294(Rank-124/pIC50-5)	5.836(Rank-134/pIC50-6.05)	-29.485(Rank-141/pIC50-7.52)	-54.132(Rank-125/pIC50-7.39)	-33.476(Rank-130/pIC50-5)	-30.657(Rank-136/pIC50-5)	-30.051(Rank-130/pIC50-5)
SK064	CASK	3C0I	A	CAMK	CASK	-32.418(Rank-129/pIC50-5)	-37.856(Rank-130/pIC50-5)	-30.241(Rank-138/pIC50-5)	-48.179(Rank-133/pIC50-5)	-35.923(Rank-95/pIC50-5)	-33.485(Rank-115/pIC50-5)	-47.184(Rank-108/pIC50-5)	-48.733(Rank-71/pIC50-5)	-32.992(Rank-139/pIC50-5)	-40.945(Rank-138/pIC50-5)	-33.856(Rank-136/pIC50-5)	-8.329(Rank-98/pIC50-5)	-47.537(Rank-58/pIC50-6.04)	-51.273(Rank-132/pIC50-7.72)	-43.098(Rank-94/pIC50-6.85)	-37.563(Rank-123/pIC50-5)	-41.788(Rank-65/pIC50-5)
SK067	CDK2	3F5X	A	CMGC	CDK	-45.704(Rank-17/pIC50-5)	-62.003(Rank-7/pIC50-5)	-35.563(Rank-123/pIC50-5)	-65.104(Rank-51/pIC50-5)	-39.230(Rank-66/pIC50-5)	-40.983(Rank-50/pIC50-5)	-57.560(Rank-52/pIC50-5)	NA	-60.164(Rank-38/pIC50-5)	-51.843(Rank-88/pIC50-6.26)	-47.311(Rank-64/pIC50-5)	1.161(Rank-121/pIC50-5)	-54.546(Rank-15/pIC50-5.28)	-74.750(Rank-20/pIC50-8.15)	-45.972(Rank-70/pIC50-5)	-45.667(Rank-60/pIC50-5)	-44.636(Rank-40/pIC50-5)
SK070	CDK5	1UNL	A	CMGC	CDK	-46.623(Rank-15/pIC50-5)	-36.162(Rank-134/pIC50-5)	-41.318(Rank-85/pIC50-5)	-73.169(Rank-11/pIC50-5)	-40.925(Rank-49/pIC50-5)	-25.888(Rank-136/pIC50-5)	-48.562(Rank-100/pIC50-5)	-43.058(Rank-111/pIC50-5)	-54.478(Rank-65/pIC50-5)	-50.025(Rank-101/pIC50-6.96)	-41.832(Rank-110/pIC50-5)	-5.379(Rank-110/pIC50-5.16)	-54.213(Rank-17/pIC50-5.8)	-70.651(Rank-42/pIC50-7.08)	-46.055(Rank-69/pIC50-5)	-46.416(Rank-53/pIC50-5)	-50.388(Rank-13/pIC50-5)
SK078	CHK1	1NVQ	A	CAMK	CAMKL	-40.502(Rank-68/pIC50-5)	-52.804(Rank-34/pIC50-5)	-45.966(Rank-58/pIC50-5)	-77.083(Rank-6/pIC50-6.27)	-43.364(Rank-33/pIC50-5)	-30.356(Rank-131/pIC50-5)	-45.611(Rank-113/pIC50-5)	-41.950(Rank-114/pIC50-5)	-60.191(Rank-37/pIC50-5)	-69.520(Rank-4/pIC50-5)	-45.339(Rank-83/pIC50-5.06)	-26.824(Rank-16/pIC50-6.52)	-39.349(Rank-114/pIC50-7.36)	-83.559(Rank-4/pIC50-8.49)	-56.253(Rank-14/pIC50-5)	-45.950(Rank-58/pIC50-5)	-41.165(Rank-74/pIC50-5.6)
SK079	CHK2	2YCR	A	CAMK	RAD53	-43.012(Rank-42/pIC50-5)	-66.887(Rank-2/pIC50-6.1)	-44.601(Rank-68/pIC50-5.11)	-70.092(Rank-19/pIC50-5.43)	-43.377(Rank-32/pIC50-5)	-48.216(Rank-6/pIC50-5)	-48.666(Rank-98/pIC50-5)	-54.944(Rank-30/pIC50-5)	-65.872(Rank-13/pIC50-5.01)	-70.103(Rank-3/pIC50-5)	-54.679(Rank-24/pIC50-5)	-21.582(Rank-23/pIC50-8)	-45.467(Rank-71/pIC50-7.14)	-79.372(Rank-10/pIC50-7.13)	-66.054(Rank-11/pIC50-5)	-46.900(Rank-49/pIC50-5)	-41.381(Rank-72/pIC50-5)
SK083	CK1D	1CKI	A	CK1	CK1	-39.038(Rank-83/pIC50-5)	-49.651(Rank-64/pIC50-5.49)	-35.343(Rank-125/pIC50-5.82)	-57.417(Rank-102/pIC50-5)	-36.279(Rank-91/pIC50-5)	-37.893(Rank-85/pIC50-5.46)	-39.559(Rank-133/pIC50-5)	-36.294(Rank-130/pIC50-5)	-51.272(Rank-86/pIC50-6.68)	-51.495(Rank-93/pIC50-5)	-34.142(Rank-135/pIC50-5)	3.724(Rank-129/pIC50-7.82)	-44.445(Rank-83/pIC50-5)	-57.682(Rank-115/pIC50-5.62)	-30.093(Rank-136/pIC50-5)	-46.422(Rank-52/pIC50-7.43)	-37.209(Rank-108/pIC50-5)
SK086	CK1G2	2C47	B	CK1	CK1	-31.142(Rank-135/pIC50-5)	-32.316(Rank-141/pIC50-5)	-44.395(Rank-71/pIC50-5.24)	-52.689(Rank-125/pIC50-5)	-37.339(Rank-80/pIC50-5)	-41.340(Rank-49/pIC50-5)	-36.439(Rank-140/pIC50-5)	-61.458(Rank-10/pIC50-5)	-40.150(Rank-131/pIC50-6.42)	-44.080(Rank-128/pIC50-5)	-46.807(Rank-68/pIC50-5)	-34.103(Rank-9/pIC50-6.96)	-41.539(Rank-98/pIC50-5)	-56.738(Rank-118/pIC50-6.11)	-70.408(Rank-7/pIC50-5)	-35.551(Rank-131/pIC50-5)	-29.701(Rank-131/pIC50-5)
SK087	CK1G3	2CHL	A	CK1	CK1	-31.476(Rank-131/pIC50-5)	-45.741(Rank-84/pIC50-5)	-47.688(Rank-46/pIC50-5.62)	-56.037(Rank-107/pIC50-5)	-38.504(Rank-69/pIC50-5)	-43.805(Rank-29/pIC50-5)	-56.261(Rank-62/pIC50-5)	-55.561(Rank-23/pIC50-5)	-58.012(Rank-45/pIC50-6.04)	-60.811(Rank-25/pIC50-5)	-51.762(Rank-39/pIC50-5)	-6.467(Rank-107/pIC50-6.62)	-50.335(Rank-42/pIC50-5)	-58.217(Rank-113/pIC50-5)	-39.962(Rank-106/pIC50-5)	-50.562(Rank-21/pIC50-5)	-28.628(Rank-133/pIC50-5)
SK088	CK2A1	3BQC	A	CMGC	CK2	-52.920(Rank-2/pIC50-5)	-41.720(Rank-116/pIC50-5)	-45.046(Rank-65/pIC50-5)	-61.232(Rank-77/pIC50-5)	-44.230(Rank-26/pIC50-5)	-30.774(Rank-129/pIC50-5)	-45.935(Rank-111/pIC50-5)	-45.132(Rank-97/pIC50-5)	-57.348(Rank-53/pIC50-5.26)	-51.580(Rank-91/pIC50-5)	-47.803(Rank-61/pIC50-5)	-19.398(Rank-29/pIC50-6.05)	-45.059(Rank-75/pIC50-5)	-69.511(Rank-49/pIC50-6.03)	-39.223(Rank-110/pIC50-5)	-44.046(Rank-74/pIC50-5)	-41.722(Rank-66/pIC50-7.19)
SK089	CK2A2	3E3B	X	CMGC	CK2	-47.694(Rank-11/pIC50-5)	-50.871(Rank-48/pIC50-5)	-38.002(Rank-111/pIC50-5)	-59.854(Rank-90/pIC50-5.17)	-41.016(Rank-48/pIC50-5)	-39.646(Rank-62/pIC50-5)	-53.298(Rank-76/pIC50-5)	-43.973(Rank-105/pIC50-5)	-51.152(Rank-89/pIC50-5.42)	-62.180(Rank-16/pIC50-5)	-46.927(Rank-66/pIC50-5)	-17.734(Rank-41/pIC50-6.8)	-48.058(Rank-54/pIC50-5.02)	-62.022(Rank-94/pIC50-6.64)	-52.208(Rank-34/pIC50-5)	-45.332(Rank-62/pIC50-5)	-43.755(Rank-49/pIC50-7.85)
SK090	CLK1	2VAG	A	CMGC	CLK	-40.536(Rank-64/pIC50-5)	-47.874(Rank-73/pIC50-5)	NA	-67.473(Rank-33/pIC50-6.04)	-42.272(Rank-37/pIC50-5)	-40.555(Rank-55/pIC50-5)	-42.204(Rank-127/pIC50-5)	-44.750(Rank-99/pIC50-5)	-60.611(Rank-34/pIC50-8.85)	-66.228(Rank-10/pIC50-5.77)	-45.664(Rank-77/pIC50-5)	0.817(Rank-120/pIC50-7.66)	-49.537(Rank-47/pIC50-7.92)	-60.502(Rank-101/pIC50-7.49)	-29.239(Rank-137/pIC50-5)	-53.631(Rank-6/pIC50-5)	-30.417(Rank-128/pIC50-5.92)
SK091	CLK2	3NR9	B	CMGC	CLK	-37.991(Rank-92/pIC50-5)	-43.511(Rank-103/pIC50-5)	-48.849(Rank-36/pIC50-6.34)	-53.688(Rank-119/pIC50-6.38)	-34.697(Rank-99/pIC50-5)	-38.978(Rank-72/pIC50-5)	-43.070(Rank-123/pIC50-5)	-42.911(Rank-112/pIC50-5)	-60.493(Rank-35/pIC50-9.29)	-52.265(Rank-84/pIC50-5.66)	-42.920(Rank-101/pIC50-5)	-6.528(Rank-105/pIC50-7.7)	-50.363(Rank-41/pIC50-7.09)	-64.593(Rank-81/pIC50-8.09)	-34.997(Rank-126/pIC50-5)	-49.665(Rank-29/pIC50-5)	-26.138(Rank-136/pIC50-5.8)
SK092	CLK3	2WU6	A	CMGC	CLK	-37.400(Rank-97/pIC50-5)	-44.696(Rank-89/pIC50-5)	-50.114(Rank-27/pIC50-6.2)	-58.112(Rank-100/pIC50-5)	-34.238(Rank-101/pIC50-5)	-46.141(Rank-14/pIC50-5)	-41.637(Rank-130/pIC50-5)	-53.504(Rank-41/pIC50-5)	-57.624(Rank-46/pIC50-6.8)	-59.674(Rank-32/pIC50-5.8)	-49.083(Rank-50/pIC50-5)	-2.863(Rank-114/pIC50-5)	-50.447(Rank-40/pIC50-6.68)	-67.407(Rank-65/pIC50-6.04)	-30.220(Rank-135/pIC50-5)	-52.322(Rank-11/pIC50-5)	-45.550(Rank-36/pIC50-5.72)
SK094	FMS	3LCD	A	TK	PDGFR	-36.918(Rank-101/pIC50-5.59)	-50.416(Rank-54/pIC50-5)	-39.161(Rank-103/pIC50-5)	-59.566(Rank-92/pIC50-5)	-36.345(Rank-90/pIC50-5)	-32.363(Rank-122/pIC50-5)	-60.562(Rank-29/pIC50-9.24)	-49.407(Rank-65/pIC50-5.92)	-48.390(Rank-104/pIC50-5)	-53.938(Rank-75/pIC50-5.55)	-39.622(Rank-121/pIC50-5.74)	-0.523(Rank-117/pIC50-8.6)	-41.517(Rank-99/pIC50-7.32)	-62.474(Rank-92/pIC50-7.92)	-47.039(Rank-63/pIC50-6.68)	-42.533(Rank-87/pIC50-5)	-40.698(Rank-80/pIC50-7.51)
SK095	CSK	3D7U	A	TK	Csk	-37.966(Rank-93/pIC50-5)	-54.681(Rank-26/pIC50-5)	-51.739(Rank-20/pIC50-5)	-68.191(Rank-30/pIC50-5)	-43.896(Rank-27/pIC50-5)	-39.602(Rank-64/pIC50-5.02)	-66.303(Rank-16/pIC50-9)	-53.873(Rank-36/pIC50-5.6)	-57.496(Rank-51/pIC50-5)	-55.859(Rank-64/pIC50-5)	-48.374(Rank-55/pIC50-5.32)	-13.271(Rank-64/pIC50-5)	-52.642(Rank-26/pIC50-5.74)	-74.873(Rank-18/pIC50-6.48)	-51.547(Rank-39/pIC50-5)	-52.347(Rank-10/pIC50-5)	-45.679(Rank-34/pIC50-6.8)
SK103	DAPK1	2YAK	A	CAMK	DAPK	-33.207(Rank-127/pIC50-5)	-42.353(Rank-111/pIC50-5)	-48.471(Rank-40/pIC50-6.27)	-73.856(Rank-9/pIC50-6.01)	-39.241(Rank-65/pIC50-5)	-36.271(Rank-98/pIC50-5)	-47.771(Rank-105/pIC50-5)	NA	-53.238(Rank-76/pIC50-5.8)	-49.893(Rank-104/pIC50-5)	-43.620(Rank-95/pIC50-5)	-19.249(Rank-32/pIC50-6.92)	-41.282(Rank-104/pIC50-5.74)	-77.254(Rank-11/pIC50-8.85)	-44.590(Rank-83/pIC50-5)	-45.405(Rank-61/pIC50-5)	-34.144(Rank-116/pIC50-7.26)
SK104	DAPK2	2CKE	A	CAMK	DAPK	-30.473(Rank-137/pIC50-5)	-45.565(Rank-85/pIC50-5)	-48.987(Rank-35/pIC50-6.03)	-71.661(Rank-15/pIC50-5)	-37.141(Rank-85/pIC50-5)	-37.870(Rank-86/pIC50-5)	-43.131(Rank-122/pIC50-5)	-45.752(Rank-95/pIC50-5)	-63.810(Rank-21/pIC50-5.6)	-53.286(Rank-79/pIC50-5)	-44.639(Rank-88/pIC50-5)	-21.854(Rank-22/pIC50-6.82)	-48.771(Rank-52/pIC50-6.06)	-74.066(Rank-27/pIC50-8.8)	-42.192(Rank-96/pIC50-5)	-40.832(Rank-102/pIC50-5)	-39.977(Rank-91/pIC50-7.21)
SK111	DMPK1	2VD5	B	AGC	DMPK	-31.373(Rank-133/pIC50-5)	-41.670(Rank-117/pIC50-5.16)	-35.518(Rank-124/pIC50-5.54)	-59.074(Rank-96/pIC50-6.55)	-33.685(Rank-108/pIC50-5.92)	-37.043(Rank-90/pIC50-5.54)	-38.658(Rank-137/pIC50-5.89)	-39.657(Rank-122/pIC50-5)	-49.367(Rank-98/pIC50-7.04)	-50.626(Rank-99/pIC50-6.19)	-48.830(Rank-51/pIC50-5)	-7.894(Rank-101/pIC50-5)	-37.520(Rank-125/pIC50-5.68)	-66.677(Rank-71/pIC50-8.46)	-48.284(Rank-57/pIC50-5.85)	-39.256(Rank-112/pIC50-5)	-38.164(Rank-102/pIC50-5)
SK115	DYRK2	3KVW	A	CMGC	DYRK	-48.560(Rank-7/pIC50-5)	-43.899(Rank-98/pIC50-5)	-41.184(Rank-87/pIC50-5)	-61.847(Rank-73/pIC50-5)	-38.485(Rank-71/pIC50-5)	-45.269(Rank-17/pIC50-5.89)	-48.347(Rank-102/pIC50-5)	-42.616(Rank-113/pIC50-5)	-61.518(Rank-27/pIC50-7.2)	-51.304(Rank-96/pIC50-5)	-38.366(Rank-123/pIC50-5)	-7.080(Rank-102/pIC50-6.17)	-42.819(Rank-91/pIC50-5)	-72.408(Rank-34/pIC50-6.6)	-36.227(Rank-122/pIC50-5.4)	-44.482(Rank-67/pIC50-5)	-42.327(Rank-62/pIC50-6.33)
SK118	EGFR	2J6M	A	TK	EGFR	-37.196(Rank-98/pIC50-5)	-55.783(Rank-16/pIC50-9)	-48.008(Rank-43/pIC50-5.66)	-61.191(Rank-78/pIC50-5)	-30.634(Rank-126/pIC50-5)	-43.288(Rank-34/pIC50-9.17)	-49.789(Rank-90/pIC50-6.92)	-46.971(Rank-85/pIC50-8.02)	-42.040(Rank-126/pIC50-5)	-64.018(Rank-13/pIC50-5.43)	NA	-19.584(Rank-28/pIC50-5)	-44.968(Rank-76/pIC50-6.74)	-52.740(Rank-128/pIC50-6.43)	-43.149(Rank-93/pIC50-5)	-52.213(Rank-13/pIC50-5.77)	-43.956(Rank-46/pIC50-6.52)
SK119	PKR	2A19	B	Other	PEK	-39.564(Rank-78/pIC50-5)	-55.250(Rank-21/pIC50-5)	-46.820(Rank-51/pIC50-6.34)	-60.528(Rank-82/pIC50-5)	-30.153(Rank-131/pIC50-5)	-49.175(Rank-5/pIC50-5.89)	-60.058(Rank-33/pIC50-5)	-57.564(Rank-16/pIC50-5)	-51.570(Rank-83/pIC50-5.55)	-56.115(Rank-61/pIC50-5.28)	-52.142(Rank-37/pIC50-5)	-10.840(Rank-81/pIC50-6.17)	-51.305(Rank-33/pIC50-5)	-52.566(Rank-129/pIC50-6.44)	-47.968(Rank-58/pIC50-5.96)	-47.817(Rank-44/pIC50-5)	-53.172(Rank-5/pIC50-6.74)
SK120	MARK2	3IEC	A	CAMK	CAMKL	-38.533(Rank-86/pIC50-5)	-53.917(Rank-30/pIC50-5)	-34.810(Rank-127/pIC50-5)	-67.639(Rank-32/pIC50-5)	-32.444(Rank-117/pIC50-5)	-33.992(Rank-112/pIC50-5)	-45.297(Rank-115/pIC50-5)	-39.260(Rank-124/pIC50-5)	-46.545(Rank-111/pIC50-5)	-48.285(Rank-113/pIC50-5)	-48.032(Rank-58/pIC50-5.85)	-10.709(Rank-83/pIC50-6.51)	-34.450(Rank-133/pIC50-7.36)	-66.798(Rank-69/pIC50-9.15)	-40.830(Rank-103/pIC50-5)	-45.950(Rank-59/pIC50-5)	-28.575(Rank-134/pIC50-6.55)
SK122	EPHA2	1MQB	B	TK	Eph	-46.659(Rank-14/pIC50-5)	-44.254(Rank-92/pIC50-5)	-53.825(Rank-14/pIC50-5)	-57.007(Rank-105/pIC50-5)	-36.081(Rank-92/pIC50-5)	-41.377(Rank-48/pIC50-5)	-64.506(Rank-21/pIC50-9.07)	-47.534(Rank-80/pIC50-5.96)	-51.368(Rank-85/pIC50-5)	-54.378(Rank-71/pIC50-5.6)	-52.734(Rank-33/pIC50-6.08)	-11.230(Rank-79/pIC50-5)	-45.597(Rank-70/pIC50-6.05)	-59.089(Rank-108/pIC50-5.92)	-49.799(Rank-47/pIC50-7)	-52.195(Rank-14/pIC50-5)	-50.299(Rank-14/pIC50-6.85)
SK123	EPHA3	2QO9	A	TK	Eph	-41.808(Rank-45/pIC50-5)	-54.166(Rank-28/pIC50-5.26)	-38.591(Rank-108/pIC50-5)	-62.320(Rank-68/pIC50-5)	-31.151(Rank-123/pIC50-5)	-35.091(Rank-107/pIC50-5.62)	-62.986(Rank-24/pIC50-10.03)	-54.485(Rank-33/pIC50-5.7)	-37.209(Rank-135/pIC50-5)	-44.700(Rank-126/pIC50-5.48)	-46.049(Rank-73/pIC50-5.82)	-10.110(Rank-87/pIC50-5.68)	-47.465(Rank-59/pIC50-5.4)	-63.408(Rank-86/pIC50-7.57)	-54.863(Rank-18/pIC50-6.15)	-46.375(Rank-54/pIC50-5)	-36.231(Rank-111/pIC50-6.44)
SK124	EPHA4	2Y6O	A	TK	Eph	-43.484(Rank-37/pIC50-5)	-43.811(Rank-99/pIC50-5)	-46.411(Rank-52/pIC50-5)	-68.369(Rank-29/pIC50-5)	-43.553(Rank-31/pIC50-5)	-38.255(Rank-80/pIC50-5)	-62.706(Rank-25/pIC50-8.92)	-54.712(Rank-31/pIC50-5.8)	-41.759(Rank-128/pIC50-5)	-47.695(Rank-115/pIC50-5)	-48.121(Rank-57/pIC50-5.37)	-9.861(Rank-90/pIC50-5)	-46.196(Rank-66/pIC50-6.04)	-63.352(Rank-87/pIC50-6.54)	-50.085(Rank-45/pIC50-6.44)	-54.928(Rank-4/pIC50-5)	-44.032(Rank-45/pIC50-6.82)
SK125	EPHA5	2R2P	A	TK	Eph	-45.575(Rank-19/pIC50-5)	-47.662(Rank-75/pIC50-5.82)	-40.279(Rank-95/pIC50-5)	-65.029(Rank-53/pIC50-5)	-28.097(Rank-135/pIC50-5)	-39.723(Rank-60/pIC50-6.15)	-59.297(Rank-39/pIC50-9.62)	-46.693(Rank-88/pIC50-6.62)	-33.918(Rank-138/pIC50-5)	-42.491(Rank-132/pIC50-5.46)	-44.679(Rank-87/pIC50-5)	1.188(Rank-122/pIC50-5.92)	-42.563(Rank-92/pIC50-5.43)	-55.177(Rank-123/pIC50-7.02)	-53.290(Rank-28/pIC50-6)	-47.451(Rank-47/pIC50-5)	-40.681(Rank-81/pIC50-6.07)
SK126	EPHA8	3KUL	B	TK	Eph	-37.118(Rank-99/pIC50-5)	-62.006(Rank-6/pIC50-5.74)	-32.618(Rank-132/pIC50-5)	-65.903(Rank-46/pIC50-5)	-41.873(Rank-39/pIC50-5)	-37.587(Rank-87/pIC50-6.03)	-59.160(Rank-40/pIC50-9.62)	-55.061(Rank-28/pIC50-7.04)	-48.200(Rank-105/pIC50-5)	-56.777(Rank-58/pIC50-5)	-47.813(Rank-60/pIC50-6.3)	3.694(Rank-127/pIC50-5)	-34.663(Rank-131/pIC50-5)	-67.155(Rank-66/pIC50-6.72)	-53.442(Rank-26/pIC50-6.55)	-50.480(Rank-22/pIC50-5)	-42.670(Rank-60/pIC50-5.89)
SK128	EPHB2	2HEN	B	TK	Eph	-48.896(Rank-5/pIC50-5)	-54.451(Rank-27/pIC50-5)	-49.304(Rank-32/pIC50-5)	-66.150(Rank-42/pIC50-5)	-47.069(Rank-10/pIC50-5)	-45.168(Rank-18/pIC50-5)	-63.763(Rank-23/pIC50-9.41)	-53.301(Rank-44/pIC50-6.36)	-44.649(Rank-117/pIC50-5)	-66.873(Rank-9/pIC50-5)	-45.230(Rank-84/pIC50-5.25)	-18.559(Rank-38/pIC50-5)	-44.548(Rank-82/pIC50-5.82)	-69.934(Rank-46/pIC50-5.68)	-55.076(Rank-17/pIC50-5)	-44.963(Rank-65/pIC50-5)	-32.468(Rank-122/pIC50-6.06)
SK130	EPHB4	2VWZ	A	TK	Eph	-48.164(Rank-9/pIC50-5)	-49.965(Rank-61/pIC50-5.6)	-41.369(Rank-84/pIC50-5)	-62.026(Rank-72/pIC50-5)	-39.438(Rank-64/pIC50-5)	-44.338(Rank-24/pIC50-5.66)	-70.493(Rank-11/pIC50-9.47)	-55.353(Rank-24/pIC50-6.28)	-50.124(Rank-94/pIC50-5)	-55.421(Rank-67/pIC50-5)	-51.152(Rank-40/pIC50-5.77)	-18.190(Rank-39/pIC50-5.51)	-50.723(Rank-37/pIC50-6.12)	-59.870(Rank-104/pIC50-5.66)	-48.850(Rank-54/pIC50-6.24)	-52.621(Rank-9/pIC50-5)	-44.033(Rank-44/pIC50-6.22)
SK134	ERK1	2ZOQ	A	CMGC	MAPK	-40.614(Rank-63/pIC50-5)	-42.758(Rank-108/pIC50-5)	-42.463(Rank-80/pIC50-5)	-62.390(Rank-67/pIC50-5)	-45.913(Rank-11/pIC50-5)	-39.520(Rank-66/pIC50-5)	-44.211(Rank-118/pIC50-5)	-47.532(Rank-81/pIC50-5)	-52.497(Rank-79/pIC50-5)	-55.679(Rank-65/pIC50-5)	-44.222(Rank-91/pIC50-5)	-14.872(Rank-58/pIC50-5)	-50.958(Rank-36/pIC50-6.37)	-60.075(Rank-102/pIC50-5.08)	-39.866(Rank-107/pIC50-5)	-39.689(Rank-110/pIC50-5)	-41.621(Rank-69/pIC50-5)
SK135	ERK2	2OJJ	A	CMGC	MAPK	-28.911(Rank-140/pIC50-5)	-41.336(Rank-119/pIC50-5)	-43.342(Rank-77/pIC50-5)	-58.303(Rank-99/pIC50-5)	-29.190(Rank-132/pIC50-5)	-31.825(Rank-125/pIC50-5)	-45.253(Rank-116/pIC50-5)	-44.298(Rank-103/pIC50-5)	-61.026(Rank-30/pIC50-5)	-51.648(Rank-90/pIC50-5)	-45.493(Rank-79/pIC50-5)	-3.546(Rank-113/pIC50-5)	-41.437(Rank-100/pIC50-6.52)	-63.964(Rank-85/pIC50-5.14)	-35.931(Rank-123/pIC50-5)	-52.320(Rank-12/pIC50-5)	-35.679(Rank-113/pIC50-5)
SK136	ERK3	2I6L	A	CMGC	MAPK	-33.176(Rank-128/pIC50-5)	-45.910(Rank-83/pIC50-5.8)	-47.479(Rank-47/pIC50-5)	-54.850(Rank-112/pIC50-5)	-32.975(Rank-116/pIC50-5)	-46.171(Rank-13/pIC50-5)	-54.288(Rank-71/pIC50-5)	-49.087(Rank-68/pIC50-5.82)	-58.081(Rank-44/pIC50-5)	-45.342(Rank-125/pIC50-5)	-42.311(Rank-106/pIC50-5)	-28.613(Rank-12/pIC50-5)	-31.588(Rank-139/pIC50-5)	-66.057(Rank-75/pIC50-5.51)	-45.188(Rank-76/pIC50-5)	-41.956(Rank-90/pIC50-5)	-32.446(Rank-123/pIC50-5)
SK138	FAK	2J0L	A	TK	FAK	-41.811(Rank-44/pIC50-5)	-46.469(Rank-80/pIC50-5)	-52.120(Rank-19/pIC50-6.82)	-63.916(Rank-56/pIC50-5)	-35.327(Rank-97/pIC50-5)	-37.022(Rank-91/pIC50-5)	-60.613(Rank-28/pIC50-5)	-43.271(Rank-109/pIC50-5)	-42.952(Rank-123/pIC50-5)	-57.632(Rank-49/pIC50-5)	-41.169(Rank-113/pIC50-5)	-19.921(Rank-27/pIC50-6.36)	-54.208(Rank-18/pIC50-8.96)	-70.822(Rank-41/pIC50-7.19)	-44.409(Rank-87/pIC50-6.51)	-51.883(Rank-15/pIC50-5)	-41.544(Rank-70/pIC50-6.6)
SK142	FES	3CBL	A	TK	Fer	-33.526(Rank-125/pIC50-5)	-47.764(Rank-74/pIC50-5)	-46.299(Rank-54/pIC50-5.72)	-71.793(Rank-14/pIC50-5)	-44.828(Rank-19/pIC50-5)	-35.443(Rank-104/pIC50-5)	-51.003(Rank-83/pIC50-5)	-50.152(Rank-58/pIC50-5)	-60.978(Rank-31/pIC50-5)	-56.318(Rank-60/pIC50-5)	-40.207(Rank-120/pIC50-5.13)	-12.636(Rank-68/pIC50-6.02)	-55.691(Rank-13/pIC50-8.32)	-75.846(Rank-14/pIC50-7.64)	-43.575(Rank-91/pIC50-6.35)	-43.551(Rank-79/pIC50-5)	-37.499(Rank-105/pIC50-6.7)
SK143	FGFR1	1FGK	A	TK	FGFR	-38.836(Rank-84/pIC50-5)	-47.922(Rank-72/pIC50-5)	-34.750(Rank-128/pIC50-5)	-61.016(Rank-80/pIC50-5)	-25.572(Rank-138/pIC50-5)	-43.805(Rank-30/pIC50-5)	-49.323(Rank-94/pIC50-5.43)	-37.355(Rank-127/pIC50-6.25)	-42.046(Rank-125/pIC50-5)	-49.557(Rank-106/pIC50-5)	-45.984(Rank-74/pIC50-6.26)	-15.103(Rank-57/pIC50-6.28)	-37.817(Rank-123/pIC50-7.33)	-50.573(Rank-134/pIC50-7.05)	-42.166(Rank-97/pIC50-5)	-38.424(Rank-117/pIC50-5)	-37.439(Rank-106/pIC50-7.36)
SK144	FGFR2	1OEC	A	TK	FGFR	NA	-50.924(Rank-47/pIC50-5)	-46.110(Rank-57/pIC50-5)	97.502(Rank-142/pIC50-5)	-41.734(Rank-41/pIC50-5)	-39.169(Rank-70/pIC50-5)	-56.030(Rank-63/pIC50-5.85)	-49.465(Rank-64/pIC50-5.96)	-48.856(Rank-102/pIC50-5)	-55.236(Rank-68/pIC50-5)	-46.724(Rank-70/pIC50-6.24)	-12.649(Rank-67/pIC50-6.24)	-47.907(Rank-56/pIC50-6.6)	-66.181(Rank-74/pIC50-7)	-44.512(Rank-85/pIC50-5)	-48.938(Rank-34/pIC50-5)	-51.084(Rank-9/pIC50-7.14)
SK153	FYN	2DQ7	X	TK	Src	-39.478(Rank-79/pIC50-5.68)	-50.075(Rank-58/pIC50-5)	-38.010(Rank-110/pIC50-5)	-68.515(Rank-27/pIC50-5)	-40.802(Rank-52/pIC50-5.96)	-41.438(Rank-47/pIC50-5)	-60.278(Rank-31/pIC50-9.1)	-47.097(Rank-84/pIC50-6.44)	-69.053(Rank-5/pIC50-5)	-53.595(Rank-78/pIC50-5)	-53.603(Rank-28/pIC50-6.28)	-12.457(Rank-72/pIC50-6.28)	-38.821(Rank-116/pIC50-5.85)	-69.362(Rank-51/pIC50-7.48)	-48.308(Rank-56/pIC50-5.89)	-48.935(Rank-35/pIC50-5)	-40.798(Rank-78/pIC50-7.55)
SK155	GAK	3LL6	A	Other	NAK	-44.416(Rank-30/pIC50-5)	-58.701(Rank-9/pIC50-7.89)	-51.013(Rank-23/pIC50-6.74)	-66.028(Rank-44/pIC50-5.96)	-37.177(Rank-83/pIC50-5)	-46.964(Rank-10/pIC50-8.51)	-70.888(Rank-10/pIC50-8.59)	-57.860(Rank-15/pIC50-7.07)	-64.776(Rank-17/pIC50-6.74)	-60.387(Rank-28/pIC50-6.43)	-58.050(Rank-12/pIC50-5.49)	-13.780(Rank-61/pIC50-7.7)	-52.795(Rank-25/pIC50-8.28)	-79.708(Rank-9/pIC50-7.77)	-52.610(Rank-33/pIC50-5)	-44.733(Rank-66/pIC50-7.72)	-48.735(Rank-20/pIC50-6.6)
SK163	GSK3B	1Q3D	B	CMGC	GSK	-43.333(Rank-38/pIC50-5)	-34.145(Rank-137/pIC50-5)	-36.634(Rank-120/pIC50-5)	-65.160(Rank-50/pIC50-5.59)	-31.165(Rank-122/pIC50-5)	-33.608(Rank-114/pIC50-5)	-38.540(Rank-138/pIC50-5)	-36.348(Rank-129/pIC50-5)	-57.569(Rank-49/pIC50-6.46)	-58.739(Rank-41/pIC50-6.14)	-45.814(Rank-75/pIC50-5)	5.222(Rank-132/pIC50-5)	-37.489(Rank-126/pIC50-5)	-64.266(Rank-84/pIC50-7.16)	-35.782(Rank-124/pIC50-5)	-43.866(Rank-75/pIC50-5.77)	-44.387(Rank-43/pIC50-6.92)
SK164	HCK	2HK5	A	TK	Src	-41.645(Rank-47/pIC50-5)	-53.869(Rank-31/pIC50-5.36)	-45.112(Rank-64/pIC50-5)	-63.183(Rank-61/pIC50-5)	-33.548(Rank-111/pIC50-5)	-36.638(Rank-93/pIC50-5.74)	-67.055(Rank-15/pIC50-9.46)	-50.121(Rank-59/pIC50-6.44)	-48.166(Rank-106/pIC50-5)	-53.178(Rank-80/pIC50-5)	-56.736(Rank-15/pIC50-5.21)	-19.163(Rank-33/pIC50-6.06)	-44.904(Rank-77/pIC50-6.39)	-62.007(Rank-95/pIC50-7.7)	-44.876(Rank-81/pIC50-5)	-50.726(Rank-18/pIC50-5)	-40.232(Rank-88/pIC50-6.82)
SK166	ERBB2	3PP0	A	TK	EGFR	-40.913(Rank-57/pIC50-5)	-51.237(Rank-46/pIC50-5.46)	-40.416(Rank-93/pIC50-5)	-55.242(Rank-111/pIC50-5)	-43.871(Rank-28/pIC50-5)	-38.542(Rank-77/pIC50-5.54)	-53.915(Rank-73/pIC50-5.85)	-47.394(Rank-82/pIC50-5.59)	-53.810(Rank-71/pIC50-5)	-53.868(Rank-76/pIC50-5)	-40.582(Rank-118/pIC50-5)	-15.465(Rank-53/pIC50-5)	-41.298(Rank-103/pIC50-6.27)	-62.906(Rank-89/pIC50-6.72)	-44.451(Rank-86/pIC50-5)	-52.715(Rank-8/pIC50-5)	NA
SK168	ERBB4	3BCE	A	TK	EGFR	-45.534(Rank-20/pIC50-5)	-55.335(Rank-20/pIC50-6.39)	-46.170(Rank-56/pIC50-5)	-63.678(Rank-57/pIC50-5)	-34.610(Rank-100/pIC50-5)	-46.596(Rank-11/pIC50-6.64)	-58.145(Rank-48/pIC50-7.26)	-50.668(Rank-55/pIC50-6.32)	-55.560(Rank-61/pIC50-5)	-67.328(Rank-8/pIC50-5.3)	-44.950(Rank-86/pIC50-5)	-19.350(Rank-30/pIC50-5)	-49.755(Rank-46/pIC50-6.55)	-57.349(Rank-116/pIC50-6.11)	-39.122(Rank-112/pIC50-5)	-48.263(Rank-40/pIC50-5.32)	-39.536(Rank-93/pIC50-6.22)
SK174	IGF1R	3F5P	B	TK	InsR	-39.701(Rank-75/pIC50-5)	-50.455(Rank-53/pIC50-5)	-48.571(Rank-39/pIC50-5)	-62.269(Rank-70/pIC50-5)	-32.274(Rank-119/pIC50-5)	-34.578(Rank-111/pIC50-5)	-49.470(Rank-93/pIC50-5)	-40.014(Rank-121/pIC50-5)	-43.673(Rank-121/pIC50-5)	-45.613(Rank-124/pIC50-5)	-43.741(Rank-92/pIC50-6.13)	0.579(Rank-118/pIC50-5.59)	-52.388(Rank-27/pIC50-8.57)	-52.468(Rank-130/pIC50-6.68)	-49.084(Rank-51/pIC50-6.11)	-51.075(Rank-17/pIC50-5)	-32.255(Rank-125/pIC50-5.89)
SK176	IKKB	3QA8	D	Other	IKK	-44.846(Rank-26/pIC50-5)	-42.820(Rank-107/pIC50-5)	-40.889(Rank-90/pIC50-5)	-64.713(Rank-55/pIC50-5)	-47.671(Rank-8/pIC50-5)	-36.595(Rank-95/pIC50-5)	-48.493(Rank-101/pIC50-5)	-48.381(Rank-77/pIC50-5)	-52.435(Rank-80/pIC50-5)	-65.490(Rank-11/pIC50-5)	-29.856(Rank-141/pIC50-5)	-15.158(Rank-55/pIC50-5)	-38.459(Rank-120/pIC50-5)	-68.712(Rank-57/pIC50-7.51)	-37.263(Rank-118/pIC50-5.26)	-42.439(Rank-88/pIC50-5)	-50.997(Rank-11/pIC50-7.15)
SK178	INSR	1RQQ	A	TK	InsR	-45.199(Rank-22/pIC50-5)	-49.555(Rank-65/pIC50-5)	-47.396(Rank-49/pIC50-5)	-69.958(Rank-20/pIC50-5)	-32.443(Rank-118/pIC50-5)	-39.638(Rank-63/pIC50-5)	-58.348(Rank-45/pIC50-5)	-49.070(Rank-69/pIC50-5)	-48.916(Rank-101/pIC50-5)	-59.262(Rank-36/pIC50-5)	-36.626(Rank-132/pIC50-6.2)	-13.145(Rank-65/pIC50-6.3)	-53.299(Rank-20/pIC50-8.62)	-70.104(Rank-45/pIC50-6.96)	-47.514(Rank-59/pIC50-6.47)	NA	-40.071(Rank-89/pIC50-5.96)
SK184	ITK	1SM2	B	TK	Tec	-40.773(Rank-58/pIC50-5)	-54.996(Rank-23/pIC50-5)	-52.607(Rank-17/pIC50-5)	-60.049(Rank-89/pIC50-5)	-43.657(Rank-30/pIC50-5)	-35.958(Rank-101/pIC50-5)	-49.615(Rank-91/pIC50-5)	-51.954(Rank-50/pIC50-5)	-58.209(Rank-43/pIC50-5)	-59.410(Rank-34/pIC50-5)	-47.130(Rank-65/pIC50-6.46)	-16.719(Rank-46/pIC50-7.89)	-44.415(Rank-84/pIC50-7.47)	-62.955(Rank-88/pIC50-7.72)	-53.311(Rank-27/pIC50-5.7)	-40.765(Rank-103/pIC50-5)	-45.587(Rank-35/pIC50-6.4)
SK185	JAK1	3EYG	A	TK	JakA	-40.125(Rank-72/pIC50-5)	-47.019(Rank-78/pIC50-5)	-29.752(Rank-140/pIC50-5)	-65.057(Rank-52/pIC50-5)	-52.607(Rank-1/pIC50-8.8)	-43.841(Rank-28/pIC50-5)	-45.983(Rank-110/pIC50-5)	-43.891(Rank-106/pIC50-5)	-67.492(Rank-8/pIC50-5)	-62.078(Rank-18/pIC50-5)	-44.444(Rank-89/pIC50-5.23)	-12.693(Rank-66/pIC50-5.22)	-51.082(Rank-34/pIC50-6.39)	-73.690(Rank-29/pIC50-8.21)	-44.963(Rank-79/pIC50-6.48)	NA	-42.553(Rank-61/pIC50-7.68)
SK186	JAK2	2B7A	B	TK	JakA	-39.606(Rank-76/pIC50-5)	-49.112(Rank-68/pIC50-5)	-42.639(Rank-79/pIC50-5)	-54.042(Rank-117/pIC50-5)	-45.306(Rank-14/pIC50-9.24)	-38.608(Rank-76/pIC50-5.43)	-58.281(Rank-47/pIC50-6)	-49.265(Rank-66/pIC50-5)	-53.960(Rank-69/pIC50-5)	-59.261(Rank-37/pIC50-5.26)	-48.505(Rank-52/pIC50-6.72)	-13.882(Rank-60/pIC50-6.39)	-43.161(Rank-89/pIC50-7.8)	-66.761(Rank-70/pIC50-8.01)	-51.923(Rank-36/pIC50-6.54)	-44.456(Rank-68/pIC50-5)	-41.041(Rank-76/pIC50-8.46)
SK187	JAK3	1YVJ	A	TK	JakA	-39.093(Rank-82/pIC50-5)	-56.083(Rank-14/pIC50-5)	-49.246(Rank-34/pIC50-5)	-67.193(Rank-35/pIC50-5.92)	-47.635(Rank-9/pIC50-9.8)	-44.868(Rank-19/pIC50-6.15)	-45.640(Rank-112/pIC50-6.19)	-46.169(Rank-92/pIC50-5)	-59.651(Rank-40/pIC50-5.82)	-48.798(Rank-108/pIC50-5.8)	-43.133(Rank-99/pIC50-6.2)	-6.524(Rank-106/pIC50-5.92)	-39.747(Rank-112/pIC50-7.77)	-64.610(Rank-80/pIC50-7.92)	-44.889(Rank-80/pIC50-6.7)	-44.451(Rank-69/pIC50-5)	-43.690(Rank-50/pIC50-7.44)
SK188	JNK1	3O2M	A	CMGC	MAPK	-39.947(Rank-73/pIC50-5)	-41.925(Rank-115/pIC50-5)	-49.303(Rank-33/pIC50-5)	-61.067(Rank-79/pIC50-5)	-37.244(Rank-82/pIC50-5)	-24.753(Rank-139/pIC50-5)	-41.950(Rank-128/pIC50-5)	-43.827(Rank-107/pIC50-5)	-57.153(Rank-54/pIC50-5)	-58.170(Rank-45/pIC50-5.8)	-41.108(Rank-114/pIC50-5)	-7.922(Rank-100/pIC50-5)	-44.701(Rank-81/pIC50-6.8)	-64.884(Rank-79/pIC50-6.66)	-39.171(Rank-111/pIC50-5)	-39.978(Rank-107/pIC50-5.96)	-42.830(Rank-58/pIC50-7.42)
SK189	JNK2	3E7O	B	CMGC	MAPK	-51.641(Rank-3/pIC50-5)	-44.690(Rank-90/pIC50-5.77)	-32.249(Rank-133/pIC50-5)	-52.827(Rank-123/pIC50-5)	-39.794(Rank-61/pIC50-5)	-35.530(Rank-102/pIC50-5.7)	-49.275(Rank-95/pIC50-5)	-46.182(Rank-91/pIC50-5)	-54.359(Rank-66/pIC50-5)	-41.610(Rank-136/pIC50-5)	-45.112(Rank-85/pIC50-5)	-5.927(Rank-108/pIC50-5.62)	-39.661(Rank-113/pIC50-6.55)	-60.897(Rank-99/pIC50-6.04)	-39.477(Rank-109/pIC50-5)	-38.940(Rank-115/pIC50-6.89)	-45.958(Rank-33/pIC50-7.33)
SK190	JNK3	1PMN	A	CMGC	MAPK	-45.149(Rank-23/pIC50-5)	-48.910(Rank-69/pIC50-5.49)	-39.415(Rank-101/pIC50-5.96)	-49.481(Rank-129/pIC50-5)	-36.782(Rank-88/pIC50-5)	-43.003(Rank-38/pIC50-5.37)	-56.774(Rank-55/pIC50-5)	-53.382(Rank-43/pIC50-5)	-57.537(Rank-50/pIC50-5)	-45.920(Rank-123/pIC50-5.26)	-48.410(Rank-54/pIC50-5.55)	-15.737(Rank-52/pIC50-5.37)	-52.333(Rank-28/pIC50-7.17)	-30.698(Rank-139/pIC50-6.96)	-44.795(Rank-82/pIC50-5)	-55.298(Rank-3/pIC50-7.46)	-51.296(Rank-8/pIC50-7.43)
SK201	KIT	1PKG	B	TK	PDGFR	-33.698(Rank-124/pIC50-5)	-44.528(Rank-91/pIC50-5)	-52.518(Rank-18/pIC50-5)	-63.537(Rank-59/pIC50-5)	-48.316(Rank-6/pIC50-5)	-38.329(Rank-79/pIC50-5.77)	-50.447(Rank-84/pIC50-9.09)	-48.732(Rank-73/pIC50-6.59)	-55.772(Rank-59/pIC50-5)	-60.501(Rank-27/pIC50-5)	-42.468(Rank-104/pIC50-6.62)	-8.931(Rank-95/pIC50-9.43)	-53.280(Rank-21/pIC50-6.96)	-68.493(Rank-60/pIC50-7.72)	-41.109(Rank-101/pIC50-5)	-57.059(Rank-2/pIC50-5)	NA
SK206	LCK	2OFU	A	TK	Src	-36.917(Rank-102/pIC50-5.34)	-56.939(Rank-13/pIC50-6.2)	-38.929(Rank-106/pIC50-5)	-59.532(Rank-93/pIC50-5)	-35.115(Rank-98/pIC50-6.34)	-39.283(Rank-68/pIC50-6.6)	-61.610(Rank-26/pIC50-9.7)	-53.585(Rank-40/pIC50-7.77)	-48.114(Rank-107/pIC50-5)	-51.271(Rank-97/pIC50-5)	-56.384(Rank-17/pIC50-7.21)	-18.625(Rank-36/pIC50-6.64)	-38.779(Rank-117/pIC50-7.31)	-73.326(Rank-30/pIC50-7.52)	-46.698(Rank-65/pIC50-7.52)	-49.855(Rank-27/pIC50-5.55)	-39.833(Rank-92/pIC50-7.52)
SK208	LKB1	2WTK	C	CAMK	CAMKL	-43.666(Rank-33/pIC50-5)	-50.841(Rank-49/pIC50-5)	-56.445(Rank-10/pIC50-5)	-59.466(Rank-94/pIC50-5.23)	-39.079(Rank-68/pIC50-5)	-39.207(Rank-69/pIC50-5)	-74.794(Rank-9/pIC50-5)	-66.075(Rank-7/pIC50-5)	-40.353(Rank-130/pIC50-5)	-43.976(Rank-129/pIC50-5)	-63.310(Rank-9/pIC50-5.89)	-36.061(Rank-7/pIC50-7.42)	-57.074(Rank-7/pIC50-5)	-57.302(Rank-117/pIC50-7.21)	-69.835(Rank-8/pIC50-5)	-50.200(Rank-24/pIC50-5)	-38.151(Rank-103/pIC50-5.47)
SK210	LYN	3A4O	X	TK	Src	-45.254(Rank-21/pIC50-5.77)	-50.785(Rank-50/pIC50-6)	-48.273(Rank-41/pIC50-5)	-60.422(Rank-84/pIC50-5)	-22.497(Rank-140/pIC50-5)	-32.729(Rank-120/pIC50-6.28)	-56.814(Rank-54/pIC50-9.24)	-46.920(Rank-86/pIC50-6.96)	-40.780(Rank-129/pIC50-5)	-60.001(Rank-30/pIC50-5)	-54.288(Rank-27/pIC50-6.19)	-15.115(Rank-56/pIC50-6.57)	-33.262(Rank-135/pIC50-6.55)	-75.860(Rank-13/pIC50-7.4)	-52.691(Rank-32/pIC50-6.03)	-49.474(Rank-32/pIC50-5)	-44.445(Rank-42/pIC50-7.59)
SK212	MAPKAPK2	2PZY	C	CAMK	MAPKAPK	-30.373(Rank-138/pIC50-5)	-39.228(Rank-125/pIC50-5)	-30.187(Rank-139/pIC50-5)	-73.464(Rank-10/pIC50-5)	-32.036(Rank-121/pIC50-5)	-38.349(Rank-78/pIC50-5)	-38.922(Rank-136/pIC50-5)	-41.007(Rank-118/pIC50-5)	-61.224(Rank-28/pIC50-5)	-56.782(Rank-57/pIC50-5)	-36.991(Rank-129/pIC50-5.42)	-18.982(Rank-34/pIC50-5)	-41.426(Rank-101/pIC50-5)	-74.705(Rank-21/pIC50-6.06)	-38.500(Rank-114/pIC50-5)	-41.787(Rank-94/pIC50-5)	-34.005(Rank-117/pIC50-5)
SK225	MAP3K5	2CLQ	A	STE	STE11	-36.144(Rank-105/pIC50-5)	-42.593(Rank-110/pIC50-5)	-43.565(Rank-73/pIC50-5)	-59.321(Rank-95/pIC50-5)	-37.907(Rank-74/pIC50-5)	-33.345(Rank-117/pIC50-5)	-39.433(Rank-134/pIC50-5)	-44.333(Rank-102/pIC50-5)	-49.117(Rank-99/pIC50-5)	-43.485(Rank-130/pIC50-5)	-37.621(Rank-127/pIC50-5)	-16.909(Rank-44/pIC50-5)	-46.365(Rank-65/pIC50-5)	-62.609(Rank-90/pIC50-6.96)	-37.411(Rank-117/pIC50-5)	-40.054(Rank-106/pIC50-5)	-40.267(Rank-87/pIC50-5)
SK226	MER	2P0C	A	TK	Axl	-38.707(Rank-85/pIC50-5)	-49.484(Rank-67/pIC50-5)	-39.544(Rank-99/pIC50-5.51)	-67.431(Rank-34/pIC50-5)	-41.704(Rank-42/pIC50-5)	-36.644(Rank-92/pIC50-6.01)	-59.050(Rank-41/pIC50-5)	-49.513(Rank-62/pIC50-5.85)	-62.671(Rank-24/pIC50-5)	-68.184(Rank-6/pIC50-5.17)	-56.378(Rank-18/pIC50-5.77)	-9.239(Rank-92/pIC50-7.59)	-40.030(Rank-110/pIC50-7.72)	-69.205(Rank-53/pIC50-8.19)	-38.767(Rank-113/pIC50-8.44)	-29.376(Rank-137/pIC50-5)	-41.470(Rank-71/pIC50-6.77)
SK227	MET	3Q6W	A	TK	Met	-41.693(Rank-46/pIC50-5)	-49.828(Rank-63/pIC50-5)	-48.715(Rank-38/pIC50-5.62)	-57.765(Rank-101/pIC50-5)	-37.430(Rank-78/pIC50-5)	-43.167(Rank-37/pIC50-5.42)	-57.649(Rank-51/pIC50-5)	-49.980(Rank-61/pIC50-5.24)	-48.815(Rank-103/pIC50-5)	-57.536(Rank-50/pIC50-5)	-45.370(Rank-82/pIC50-6.17)	-12.301(Rank-74/pIC50-5.14)	-48.889(Rank-51/pIC50-6.77)	-61.082(Rank-98/pIC50-6.72)	-54.002(Rank-24/pIC50-8.68)	-49.567(Rank-30/pIC50-5)	-41.655(Rank-68/pIC50-6.55)
SK230	MAP2K7	2DYL	A	STE	STE7	-43.189(Rank-40/pIC50-5)	-33.020(Rank-140/pIC50-5)	-49.662(Rank-30/pIC50-5)	-51.346(Rank-128/pIC50-5)	-21.987(Rank-141/pIC50-5)	-24.786(Rank-138/pIC50-5)	-39.185(Rank-135/pIC50-5)	-28.494(Rank-138/pIC50-5)	-38.763(Rank-133/pIC50-5)	-41.770(Rank-135/pIC50-5)	-36.903(Rank-130/pIC50-5)	-23.406(Rank-19/pIC50-5)	-41.637(Rank-97/pIC50-5)	-65.845(Rank-77/pIC50-7.52)	-31.342(Rank-134/pIC50-5)	-41.233(Rank-99/pIC50-5)	-32.757(Rank-120/pIC50-5)
SK232	MLK1	3DTC	A	TKL	MLK	-44.055(Rank-31/pIC50-5)	-50.119(Rank-57/pIC50-5)	-43.347(Rank-76/pIC50-5)	-80.182(Rank-3/pIC50-5.85)	-40.291(Rank-58/pIC50-5)	-41.462(Rank-46/pIC50-5)	-57.375(Rank-53/pIC50-5)	-55.184(Rank-26/pIC50-5)	-55.941(Rank-58/pIC50-5)	-47.851(Rank-114/pIC50-5.24)	-55.151(Rank-22/pIC50-6.41)	-11.054(Rank-80/pIC50-5.47)	-54.436(Rank-16/pIC50-6.39)	-73.185(Rank-31/pIC50-8)	-46.545(Rank-67/pIC50-5)	-49.506(Rank-31/pIC50-5)	-49.093(Rank-19/pIC50-8.37)
SK234	DYRK1A	3ANQ	D	CMGC	DYRK	-39.817(Rank-74/pIC50-5)	-53.627(Rank-33/pIC50-5)	-48.033(Rank-42/pIC50-5)	-72.263(Rank-13/pIC50-6.6)	-42.696(Rank-35/pIC50-5)	-39.580(Rank-65/pIC50-5)	-42.473(Rank-125/pIC50-5)	NA	-63.811(Rank-20/pIC50-8.68)	-61.095(Rank-23/pIC50-7.11)	-42.636(Rank-102/pIC50-5)	-26.057(Rank-18/pIC50-6.7)	-53.082(Rank-23/pIC50-5.54)	-71.838(Rank-37/pIC50-8.4)	-36.834(Rank-119/pIC50-5)	-47.856(Rank-43/pIC50-5)	-49.186(Rank-18/pIC50-6.59)
SK236	MNK2	2HW7	A	CAMK	MAPKAPK	-44.717(Rank-27/pIC50-5)	-51.949(Rank-39/pIC50-5.92)	-54.135(Rank-12/pIC50-5)	-53.399(Rank-121/pIC50-5)	-38.035(Rank-73/pIC50-5.8)	-34.858(Rank-108/pIC50-6)	-50.100(Rank-88/pIC50-5)	-56.215(Rank-20/pIC50-5.77)	-51.217(Rank-88/pIC50-5.47)	-56.057(Rank-62/pIC50-5.49)	-52.131(Rank-38/pIC50-5.28)	-16.034(Rank-49/pIC50-5.24)	-39.757(Rank-111/pIC50-7.36)	-68.279(Rank-62/pIC50-7.77)	-45.001(Rank-78/pIC50-5)	-44.316(Rank-70/pIC50-5)	-41.066(Rank-75/pIC50-6.89)
SK244	MST1	3COM	A	STE	STE20	-35.733(Rank-109/pIC50-5)	-54.732(Rank-25/pIC50-5)	-45.569(Rank-61/pIC50-5)	-48.885(Rank-131/pIC50-5)	-27.463(Rank-136/pIC50-5)	-36.133(Rank-99/pIC50-5)	-63.956(Rank-22/pIC50-5.42)	-54.474(Rank-34/pIC50-5)	-42.489(Rank-124/pIC50-5)	-46.275(Rank-120/pIC50-5)	-57.551(Rank-14/pIC50-6.7)	-27.365(Rank-14/pIC50-7.72)	-46.667(Rank-63/pIC50-6.48)	-58.837(Rank-109/pIC50-9.72)	-55.526(Rank-16/pIC50-6.24)	-37.017(Rank-124/pIC50-5)	-30.157(Rank-129/pIC50-5)
SK246	MST3	3CKX	A	STE	STE20	-34.884(Rank-117/pIC50-5)	-51.429(Rank-44/pIC50-5)	-47.789(Rank-45/pIC50-5)	-65.892(Rank-47/pIC50-5)	-41.079(Rank-47/pIC50-5)	-40.364(Rank-57/pIC50-5)	-66.241(Rank-17/pIC50-5)	-61.726(Rank-8/pIC50-5)	-52.646(Rank-78/pIC50-5)	-56.940(Rank-53/pIC50-5)	-61.833(Rank-10/pIC50-5.44)	-4.264(Rank-112/pIC50-7.2)	-68.200(Rank-1/pIC50-5.54)	-69.657(Rank-48/pIC50-6.92)	-52.940(Rank-30/pIC50-5)	-42.014(Rank-89/pIC50-5)	-38.148(Rank-104/pIC50-5)
SK248	MYT1	3P1A	A	Other	WEE	-40.215(Rank-70/pIC50-5)	-56.030(Rank-15/pIC50-5)	-50.103(Rank-28/pIC50-5)	-60.464(Rank-83/pIC50-5)	-37.156(Rank-84/pIC50-5)	-41.711(Rank-44/pIC50-5)	-58.495(Rank-42/pIC50-6.89)	-52.766(Rank-47/pIC50-5)	-46.822(Rank-109/pIC50-5)	-61.412(Rank-21/pIC50-5)	-47.463(Rank-62/pIC50-5)	-12.576(Rank-70/pIC50-5)	-50.574(Rank-38/pIC50-5)	-68.287(Rank-61/pIC50-5)	-36.236(Rank-121/pIC50-5)	-44.101(Rank-73/pIC50-5)	-42.981(Rank-56/pIC50-5)
SK251	NEK2	2XKF	A	Other	NEK	-31.471(Rank-132/pIC50-5)	-55.701(Rank-18/pIC50-5)	-41.221(Rank-86/pIC50-5.7)	-62.708(Rank-65/pIC50-5)	-38.495(Rank-70/pIC50-5)	-37.495(Rank-88/pIC50-5)	-58.283(Rank-46/pIC50-5.19)	-48.554(Rank-75/pIC50-5)	-53.818(Rank-70/pIC50-5)	-42.290(Rank-134/pIC50-5)	-50.916(Rank-42/pIC50-5)	-16.011(Rank-50/pIC50-5.85)	-38.686(Rank-118/pIC50-5.74)	-55.915(Rank-120/pIC50-6.12)	-54.427(Rank-22/pIC50-5)	-50.682(Rank-19/pIC50-5)	-37.356(Rank-107/pIC50-6.59)
SK257	IRAK4	2NRY	A	TKL	IRAK	-44.499(Rank-28/pIC50-5)	-54.898(Rank-24/pIC50-6.27)	-41.664(Rank-83/pIC50-5.68)	-66.269(Rank-41/pIC50-5)	-40.901(Rank-50/pIC50-5)	-38.959(Rank-74/pIC50-5)	-56.664(Rank-57/pIC50-5)	-57.160(Rank-18/pIC50-7.12)	-52.402(Rank-81/pIC50-5.6)	-59.365(Rank-35/pIC50-5.82)	-46.908(Rank-67/pIC50-5.43)	-11.703(Rank-76/pIC50-7.18)	-41.904(Rank-96/pIC50-7.11)	-68.686(Rank-58/pIC50-8.77)	-44.093(Rank-88/pIC50-5.44)	-37.580(Rank-122/pIC50-5)	-43.307(Rank-54/pIC50-6.85)
SK263	ROCK2	2F2U	A	AGC	DMPK	-37.992(Rank-91/pIC50-5)	-54.003(Rank-29/pIC50-5)	-39.412(Rank-102/pIC50-5)	-63.143(Rank-62/pIC50-5)	-34.142(Rank-103/pIC50-6.38)	-40.801(Rank-51/pIC50-5)	-90.260(Rank-1/pIC50-5)	-80.404(Rank-3/pIC50-5.44)	-46.009(Rank-113/pIC50-5)	-62.718(Rank-15/pIC50-5.82)	-82.982(Rank-3/pIC50-5)	NA	-55.677(Rank-14/pIC50-6.89)	-69.488(Rank-50/pIC50-9.62)	-76.100(Rank-5/pIC50-5.48)	-39.908(Rank-108/pIC50-5)	-47.455(Rank-26/pIC50-6.25)
SK264	P38A	2RG6	A	CMGC	MAPK	-51.175(Rank-4/pIC50-8.55)	-50.212(Rank-56/pIC50-5)	-30.886(Rank-136/pIC50-5)	-47.673(Rank-135/pIC50-5)	-23.192(Rank-139/pIC50-5)	-29.965(Rank-133/pIC50-5)	-47.854(Rank-104/pIC50-7.57)	-33.395(Rank-134/pIC50-5)	-34.232(Rank-137/pIC50-5)	-39.613(Rank-140/pIC50-5)	-37.231(Rank-128/pIC50-5)	5.678(Rank-133/pIC50-5)	-42.159(Rank-94/pIC50-5)	-50.100(Rank-136/pIC50-5)	-25.624(Rank-140/pIC50-5)	-35.055(Rank-132/pIC50-7.92)	-34.578(Rank-115/pIC50-5)
SK265	P70S6K	3A60	A	AGC	RSK	-29.412(Rank-139/pIC50-5)	-52.061(Rank-37/pIC50-5)	-35.767(Rank-122/pIC50-5)	-54.788(Rank-114/pIC50-6.68)	-33.530(Rank-112/pIC50-5)	-40.585(Rank-54/pIC50-5)	-56.006(Rank-64/pIC50-5)	-55.919(Rank-21/pIC50-5.8)	-64.106(Rank-18/pIC50-5.44)	-54.424(Rank-70/pIC50-5.43)	-55.043(Rank-23/pIC50-5)	-22.020(Rank-21/pIC50-7.32)	-46.162(Rank-67/pIC50-5.57)	-74.176(Rank-25/pIC50-8.89)	-50.661(Rank-43/pIC50-6.19)	-43.077(Rank-82/pIC50-5)	-48.276(Rank-23/pIC50-5)
SK267	PAK1	3FXZ	A	STE	STE20	-38.447(Rank-87/pIC50-5)	-42.302(Rank-112/pIC50-5)	-36.818(Rank-117/pIC50-5)	-65.265(Rank-49/pIC50-5)	-33.716(Rank-107/pIC50-5)	-38.007(Rank-83/pIC50-5)	-64.906(Rank-20/pIC50-5)	-57.216(Rank-17/pIC50-5)	-46.648(Rank-110/pIC50-5.82)	-58.394(Rank-44/pIC50-5)	-56.005(Rank-20/pIC50-5.36)	-31.672(Rank-10/pIC50-5)	-40.189(Rank-108/pIC50-6.19)	-74.874(Rank-17/pIC50-9.24)	-51.607(Rank-38/pIC50-5)	-40.868(Rank-101/pIC50-5)	-41.815(Rank-64/pIC50-6.59)
SK271	PCTAIRE1	3MTL	A	CMGC	CDK	-41.163(Rank-53/pIC50-5)	-51.767(Rank-40/pIC50-5)	-38.930(Rank-105/pIC50-5)	-63.264(Rank-60/pIC50-5.59)	-36.081(Rank-93/pIC50-5)	-32.157(Rank-124/pIC50-5)	-55.458(Rank-67/pIC50-5)	-50.640(Rank-56/pIC50-5)	-54.968(Rank-62/pIC50-5.82)	-54.362(Rank-72/pIC50-6.36)	-50.386(Rank-46/pIC50-6.64)	4.611(Rank-131/pIC50-6.82)	-41.369(Rank-102/pIC50-6.25)	-69.724(Rank-47/pIC50-7.62)	-46.164(Rank-68/pIC50-5)	-43.606(Rank-78/pIC50-5)	-40.593(Rank-82/pIC50-5)
SK283	PHKG1	2PHK	A	CAMK	PHK	-31.650(Rank-130/pIC50-5)	-58.477(Rank-10/pIC50-5.43)	-47.822(Rank-44/pIC50-5)	-52.310(Rank-126/pIC50-5.43)	-47.988(Rank-7/pIC50-5)	-35.963(Rank-100/pIC50-5)	-50.205(Rank-86/pIC50-5)	-53.809(Rank-37/pIC50-5.96)	-62.509(Rank-25/pIC50-5.92)	-49.995(Rank-103/pIC50-5.66)	-48.419(Rank-53/pIC50-5.66)	-21.541(Rank-24/pIC50-8.26)	-37.215(Rank-127/pIC50-7.77)	-74.787(Rank-19/pIC50-9.19)	-41.406(Rank-98/pIC50-5)	-48.275(Rank-39/pIC50-5)	-43.579(Rank-51/pIC50-5)
SK284	PHKG2	2Y7J	C	CAMK	PHK	-36.826(Rank-103/pIC50-5)	-55.595(Rank-19/pIC50-5.57)	-49.840(Rank-29/pIC50-5.8)	-66.395(Rank-39/pIC50-5)	-44.557(Rank-23/pIC50-5)	-32.170(Rank-123/pIC50-5)	-46.713(Rank-109/pIC50-5)	NA	-49.051(Rank-100/pIC50-5.59)	-61.173(Rank-22/pIC50-5.54)	-43.651(Rank-94/pIC50-5.36)	-21.378(Rank-25/pIC50-8.23)	-40.517(Rank-107/pIC50-7.89)	-70.366(Rank-43/pIC50-9.85)	-54.609(Rank-19/pIC50-5)	-47.285(Rank-48/pIC50-5)	-32.309(Rank-124/pIC50-6.03)
SK291	PIM1	1YHS	A	CAMK	PIM	-40.624(Rank-62/pIC50-5)	-50.042(Rank-59/pIC50-5)	-40.734(Rank-92/pIC50-5)	-77.373(Rank-5/pIC50-6.57)	-38.469(Rank-72/pIC50-5)	-22.594(Rank-141/pIC50-5)	-36.836(Rank-139/pIC50-5)	-55.105(Rank-27/pIC50-5)	-67.605(Rank-7/pIC50-6.74)	-45.980(Rank-122/pIC50-6.25)	-44.251(Rank-90/pIC50-5)	-11.939(Rank-75/pIC50-5)	-32.490(Rank-137/pIC50-5)	-67.869(Rank-63/pIC50-8.49)	-32.929(Rank-133/pIC50-5)	-32.036(Rank-134/pIC50-5)	-39.081(Rank-98/pIC50-5)
SK292	PIM2	2IWI	B	CAMK	PIM	-40.516(Rank-65/pIC50-5)	-48.418(Rank-71/pIC50-5)	-43.951(Rank-72/pIC50-5)	-77.783(Rank-4/pIC50-5.77)	-40.653(Rank-53/pIC50-5)	-31.364(Rank-128/pIC50-5)	-35.531(Rank-142/pIC50-5)	-36.132(Rank-131/pIC50-5)	-71.807(Rank-2/pIC50-6.66)	-47.673(Rank-116/pIC50-6.11)	-36.639(Rank-131/pIC50-5)	-13.936(Rank-59/pIC50-5)	-34.355(Rank-134/pIC50-5)	-74.510(Rank-22/pIC50-8.72)	-22.909(Rank-142/pIC50-5)	-46.772(Rank-51/pIC50-5)	-32.702(Rank-121/pIC50-5)
SK295	CDK9	3BLQ	A	CMGC	CDK	-41.256(Rank-52/pIC50-5)	-33.885(Rank-139/pIC50-5)	-39.512(Rank-100/pIC50-5)	-57.357(Rank-104/pIC50-5)	-34.202(Rank-102/pIC50-5)	-30.042(Rank-132/pIC50-5)	-48.813(Rank-97/pIC50-5)	-34.924(Rank-132/pIC50-5)	-53.799(Rank-72/pIC50-6.74)	-54.021(Rank-73/pIC50-8.19)	-33.164(Rank-139/pIC50-5)	-8.191(Rank-99/pIC50-5)	-34.535(Rank-132/pIC50-5)	-74.106(Rank-26/pIC50-7)	-35.496(Rank-125/pIC50-5)	-49.267(Rank-33/pIC50-5)	-41.692(Rank-67/pIC50-5)
SK300	PKACA	3L9L	A	AGC	PKA	-35.381(Rank-112/pIC50-5)	-61.606(Rank-8/pIC50-5)	-66.140(Rank-5/pIC50-5)	-86.338(Rank-1/pIC50-5.27)	-33.863(Rank-106/pIC50-5)	-48.158(Rank-7/pIC50-5)	-79.144(Rank-5/pIC50-5)	-71.104(Rank-6/pIC50-5)	-72.105(Rank-1/pIC50-7.25)	-61.013(Rank-24/pIC50-5)	-86.502(Rank-1/pIC50-5)	-72.684(Rank-1/pIC50-5)	-53.079(Rank-24/pIC50-5.4)	-81.106(Rank-7/pIC50-7.72)	-80.448(Rank-4/pIC50-5)	-45.214(Rank-63/pIC50-5)	-57.172(Rank-1/pIC50-6.22)
SK310	PKCT	1XJD	A	AGC	PKC	-37.562(Rank-95/pIC50-5)	-47.022(Rank-77/pIC50-5)	-45.351(Rank-63/pIC50-5)	-72.698(Rank-12/pIC50-8.6)	-39.723(Rank-62/pIC50-5)	-30.380(Rank-130/pIC50-5)	-52.851(Rank-77/pIC50-5)	-50.029(Rank-60/pIC50-5)	-59.187(Rank-41/pIC50-7.92)	-57.638(Rank-48/pIC50-6.46)	-51.099(Rank-41/pIC50-5.28)	-8.544(Rank-97/pIC50-5.37)	-42.823(Rank-90/pIC50-5.82)	-68.931(Rank-56/pIC50-8.07)	-54.492(Rank-21/pIC50-5)	-43.088(Rank-81/pIC50-5)	-39.347(Rank-95/pIC50-5)
SK315	PLK1	2OU7	A	Other	PLK	-41.296(Rank-51/pIC50-5)	-43.446(Rank-104/pIC50-5)	-59.356(Rank-9/pIC50-9.72)	-61.282(Rank-76/pIC50-5)	-32.051(Rank-120/pIC50-5)	-47.947(Rank-8/pIC50-5)	-55.069(Rank-69/pIC50-5)	-49.234(Rank-67/pIC50-5)	-50.224(Rank-92/pIC50-5)	-49.459(Rank-107/pIC50-5)	-40.953(Rank-115/pIC50-5)	-10.781(Rank-82/pIC50-5)	-56.185(Rank-10/pIC50-7.7)	-54.984(Rank-124/pIC50-6.72)	-37.926(Rank-116/pIC50-5)	-42.678(Rank-85/pIC50-5)	-43.874(Rank-47/pIC50-6.08)
SK324	RAF1	3OMV	A	TKL	RAF	-39.426(Rank-80/pIC50-5)	-46.278(Rank-81/pIC50-5)	-40.791(Rank-91/pIC50-5)	-68.067(Rank-31/pIC50-5)	-41.934(Rank-38/pIC50-5)	-42.944(Rank-39/pIC50-5)	-54.235(Rank-72/pIC50-6.24)	-44.689(Rank-100/pIC50-5)	-63.814(Rank-19/pIC50-5)	-52.782(Rank-82/pIC50-5)	-40.254(Rank-119/pIC50-5)	15.024(Rank-140/pIC50-5)	-40.075(Rank-109/pIC50-5)	NA	-40.746(Rank-105/pIC50-5)	-41.095(Rank-100/pIC50-6.01)	-50.922(Rank-12/pIC50-6.08)
SK326	RET	2IVU	A	TK	Ret	-40.690(Rank-61/pIC50-5)	-43.569(Rank-101/pIC50-5)	-51.446(Rank-21/pIC50-5)	-55.673(Rank-108/pIC50-5)	-40.880(Rank-51/pIC50-5)	-42.445(Rank-42/pIC50-5.89)	-49.025(Rank-96/pIC50-6.14)	-50.402(Rank-57/pIC50-7.47)	-51.780(Rank-82/pIC50-5)	-53.802(Rank-77/pIC50-5)	-45.655(Rank-78/pIC50-7.55)	-9.051(Rank-93/pIC50-7.89)	-44.827(Rank-78/pIC50-6.82)	-59.243(Rank-107/pIC50-7.82)	-40.819(Rank-104/pIC50-5)	-51.856(Rank-16/pIC50-5)	-43.454(Rank-52/pIC50-8.39)
SK327	RHOK	3C4Z	A	AGC	GRK	-37.846(Rank-94/pIC50-5)	-52.252(Rank-36/pIC50-5)	-80.101(Rank-3/pIC50-5)	-70.770(Rank-17/pIC50-6.1)	-45.166(Rank-18/pIC50-5)	-54.134(Rank-1/pIC50-5)	-78.399(Rank-6/pIC50-5)	-61.470(Rank-9/pIC50-5)	-67.223(Rank-9/pIC50-5)	-74.115(Rank-2/pIC50-6.19)	-57.720(Rank-13/pIC50-5)	-41.780(Rank-5/pIC50-6.54)	NA	-80.214(Rank-8/pIC50-9.01)	-68.035(Rank-9/pIC50-5)	-42.751(Rank-84/pIC50-5)	-51.653(Rank-6/pIC50-6.06)
SK331	ROCK1	2ETK	B	AGC	DMPK	-40.999(Rank-55/pIC50-5)	-65.290(Rank-3/pIC50-5)	-74.237(Rank-4/pIC50-5)	-74.992(Rank-8/pIC50-5)	-35.826(Rank-96/pIC50-6.33)	-45.463(Rank-16/pIC50-5)	-86.078(Rank-3/pIC50-5)	-53.607(Rank-39/pIC50-5)	-50.862(Rank-91/pIC50-7.43)	-56.877(Rank-56/pIC50-5.92)	-73.089(Rank-7/pIC50-5)	-49.047(Rank-3/pIC50-6.34)	-65.851(Rank-3/pIC50-7.43)	-76.963(Rank-12/pIC50-9.55)	-89.170(Rank-1/pIC50-5.43)	-38.189(Rank-119/pIC50-5)	-47.703(Rank-24/pIC50-6.23)
SK338	RSK3	2Z7R	A	AGC	RSK	-35.021(Rank-114/pIC50-5)	-46.062(Rank-82/pIC50-5)	-45.575(Rank-60/pIC50-5.27)	-65.715(Rank-48/pIC50-6.4)	-44.511(Rank-25/pIC50-5)	-32.480(Rank-121/pIC50-5)	-45.306(Rank-114/pIC50-5)	-40.027(Rank-120/pIC50-5)	-65.326(Rank-15/pIC50-5)	-51.367(Rank-95/pIC50-5.64)	-45.705(Rank-76/pIC50-5.1)	-11.531(Rank-78/pIC50-6.85)	-44.405(Rank-85/pIC50-6.8)	-64.497(Rank-82/pIC50-7.37)	-34.768(Rank-128/pIC50-5)	-46.801(Rank-50/pIC50-5)	-38.195(Rank-101/pIC50-6.31)
SK341	PLK4	3COK	A	Other	PLK	-37.428(Rank-96/pIC50-5)	-33.941(Rank-138/pIC50-5)	-53.727(Rank-15/pIC50-5)	-54.505(Rank-115/pIC50-5.33)	-37.787(Rank-76/pIC50-5)	-47.075(Rank-9/pIC50-5.72)	-60.138(Rank-32/pIC50-5)	-53.798(Rank-38/pIC50-6.21)	-45.611(Rank-115/pIC50-5)	-44.130(Rank-127/pIC50-5.08)	-47.384(Rank-63/pIC50-8.04)	-27.803(Rank-13/pIC50-6.72)	-47.760(Rank-57/pIC50-9.03)	-62.364(Rank-93/pIC50-9.11)	-45.908(Rank-71/pIC50-7.22)	-42.576(Rank-86/pIC50-5)	-31.405(Rank-126/pIC50-8.38)
SK343	P38G	1CM8	A	CMGC	MAPK	-48.515(Rank-8/pIC50-5)	-43.010(Rank-106/pIC50-5)	-60.850(Rank-8/pIC50-5)	-40.023(Rank-141/pIC50-5)	-37.427(Rank-79/pIC50-5)	-35.396(Rank-106/pIC50-5)	-42.344(Rank-126/pIC50-5)	-51.554(Rank-54/pIC50-5)	-44.763(Rank-116/pIC50-5)	-51.739(Rank-89/pIC50-5)	-43.689(Rank-93/pIC50-5)	-40.465(Rank-6/pIC50-5)	-36.481(Rank-129/pIC50-5.03)	-70.209(Rank-44/pIC50-7.38)	-33.304(Rank-132/pIC50-5)	-43.787(Rank-76/pIC50-5.82)	-26.251(Rank-135/pIC50-6.41)
SK344	P38D	3COI	A	CMGC	MAPK	-45.033(Rank-25/pIC50-5)	-42.040(Rank-113/pIC50-5)	-31.182(Rank-135/pIC50-5)	-51.444(Rank-127/pIC50-5)	-30.220(Rank-130/pIC50-5)	-25.814(Rank-137/pIC50-5)	-42.986(Rank-124/pIC50-5)	-39.054(Rank-125/pIC50-5)	-43.680(Rank-120/pIC50-5)	-48.416(Rank-112/pIC50-5)	-33.258(Rank-137/pIC50-5)	1.923(Rank-124/pIC50-5)	-32.027(Rank-138/pIC50-5)	-51.092(Rank-133/pIC50-6.62)	-33.369(Rank-131/pIC50-5)	-40.630(Rank-104/pIC50-5)	-33.677(Rank-119/pIC50-6.16)
SK348	SLK	2J51	A	STE	STE20	-30.790(Rank-136/pIC50-5)	-42.630(Rank-109/pIC50-6.04)	-50.541(Rank-25/pIC50-5.39)	-56.686(Rank-106/pIC50-6.4)	-36.805(Rank-87/pIC50-5)	-43.782(Rank-31/pIC50-7.59)	-52.143(Rank-81/pIC50-6.14)	-48.481(Rank-76/pIC50-7.02)	-54.857(Rank-64/pIC50-5)	-56.468(Rank-59/pIC50-5)	-52.310(Rank-35/pIC50-7.09)	-11.625(Rank-77/pIC50-7.25)	-53.122(Rank-22/pIC50-7.68)	-75.499(Rank-15/pIC50-10.62)	-54.230(Rank-23/pIC50-7.74)	-41.804(Rank-93/pIC50-5.43)	-44.763(Rank-39/pIC50-7.48)
SK357	SRC	1Y57	A	TK	Src	-35.698(Rank-110/pIC50-5.26)	-51.343(Rank-45/pIC50-5.42)	-41.086(Rank-88/pIC50-5)	-70.219(Rank-18/pIC50-5)	-37.332(Rank-81/pIC50-5)	-33.196(Rank-118/pIC50-6.15)	-69.400(Rank-12/pIC50-9.68)	-48.733(Rank-72/pIC50-7.15)	-53.616(Rank-73/pIC50-5)	-58.571(Rank-42/pIC50-5)	-54.582(Rank-26/pIC50-6.77)	-19.314(Rank-31/pIC50-5.68)	-44.750(Rank-79/pIC50-6.55)	-72.121(Rank-35/pIC50-7.07)	-51.156(Rank-42/pIC50-6.25)	-50.471(Rank-23/pIC50-5.28)	-47.493(Rank-25/pIC50-8.08)
SK358	SRPK1	3BEG	A	CMGC	SRPK	-26.176(Rank-141/pIC50-5)	-37.199(Rank-132/pIC50-5)	-44.563(Rank-69/pIC50-5)	-48.761(Rank-132/pIC50-5.92)	-30.546(Rank-127/pIC50-5)	-40.383(Rank-56/pIC50-5)	-56.479(Rank-60/pIC50-5)	-52.794(Rank-46/pIC50-5)	-54.251(Rank-68/pIC50-6.26)	-39.603(Rank-141/pIC50-5)	-45.456(Rank-80/pIC50-7.09)	8.595(Rank-135/pIC50-6.6)	-46.907(Rank-62/pIC50-5.32)	-58.713(Rank-111/pIC50-8.26)	-49.977(Rank-46/pIC50-5.74)	-38.976(Rank-114/pIC50-5)	-35.411(Rank-114/pIC50-6.23)
SK359	SRPK2	2X7G	A	CMGC	SRPK	-33.389(Rank-126/pIC50-5)	-34.907(Rank-136/pIC50-5)	-47.410(Rank-48/pIC50-5)	-62.204(Rank-71/pIC50-5.96)	-26.516(Rank-137/pIC50-5)	-44.156(Rank-25/pIC50-5)	-53.512(Rank-74/pIC50-5)	-47.693(Rank-79/pIC50-5)	-62.998(Rank-23/pIC50-5.96)	-48.774(Rank-109/pIC50-5)	-40.704(Rank-116/pIC50-6.17)	15.981(Rank-141/pIC50-6.72)	-51.079(Rank-35/pIC50-5)	-50.293(Rank-135/pIC50-7.17)	-55.737(Rank-15/pIC50-5)	-39.182(Rank-113/pIC50-5)	-36.006(Rank-112/pIC50-5)
SK362	TAO2	2GCD	B	STE	STE20	-48.652(Rank-6/pIC50-5)	-52.769(Rank-35/pIC50-5)	-55.814(Rank-11/pIC50-5)	-58.906(Rank-97/pIC50-5.41)	-42.482(Rank-36/pIC50-5)	-37.053(Rank-89/pIC50-5)	-77.195(Rank-8/pIC50-5.27)	-72.179(Rank-4/pIC50-5)	-51.404(Rank-84/pIC50-5.31)	-55.473(Rank-66/pIC50-6.6)	-71.981(Rank-8/pIC50-6.37)	-18.034(Rank-40/pIC50-5)	-47.412(Rank-60/pIC50-6.13)	-67.114(Rank-67/pIC50-7.92)	-45.033(Rank-77/pIC50-6.05)	-44.284(Rank-71/pIC50-5)	-42.326(Rank-63/pIC50-6.19)
SK363	SYK	1XBB	A	TK	Syk	-40.758(Rank-59/pIC50-5)	-43.785(Rank-100/pIC50-5)	-51.131(Rank-22/pIC50-5.33)	-57.369(Rank-103/pIC50-5)	-40.605(Rank-54/pIC50-5)	-44.863(Rank-20/pIC50-5)	-58.424(Rank-44/pIC50-5.54)	-60.226(Rank-12/pIC50-5)	-57.584(Rank-47/pIC50-5)	-56.970(Rank-52/pIC50-5)	-58.221(Rank-11/pIC50-5.74)	-26.799(Rank-17/pIC50-5)	-56.076(Rank-12/pIC50-5.89)	NA	-53.776(Rank-25/pIC50-5.6)	-49.985(Rank-25/pIC50-5)	-51.043(Rank-10/pIC50-7.72)
SK365	BMPR2	3G2F	A	TKL	STKR	-43.815(Rank-32/pIC50-5)	-38.753(Rank-128/pIC50-5)	-40.285(Rank-94/pIC50-5)	-52.691(Rank-124/pIC50-5)	-39.127(Rank-67/pIC50-5)	-41.988(Rank-43/pIC50-5)	-56.637(Rank-58/pIC50-5)	-61.083(Rank-11/pIC50-5)	-57.580(Rank-48/pIC50-5)	-53.108(Rank-81/pIC50-5)	-53.329(Rank-30/pIC50-5.15)	-2.103(Rank-115/pIC50-6.24)	-45.239(Rank-73/pIC50-5.41)	-58.720(Rank-110/pIC50-5.64)	-48.947(Rank-53/pIC50-5)	-38.339(Rank-118/pIC50-5)	-40.553(Rank-83/pIC50-5)
SK367	TIE2	3L8P	A	TK	Tie	-37.083(Rank-100/pIC50-5)	-51.734(Rank-41/pIC50-5)	-46.294(Rank-55/pIC50-5)	-61.374(Rank-74/pIC50-5)	-45.665(Rank-12/pIC50-5)	-39.710(Rank-61/pIC50-5)	-52.296(Rank-80/pIC50-5)	-51.615(Rank-52/pIC50-6)	-54.925(Rank-63/pIC50-5)	-58.962(Rank-39/pIC50-5)	-50.019(Rank-47/pIC50-6.35)	-10.480(Rank-85/pIC50-5)	-57.402(Rank-6/pIC50-7.34)	-62.603(Rank-91/pIC50-6.85)	-46.648(Rank-66/pIC50-6.57)	NA	-40.352(Rank-86/pIC50-6.51)
SK383	TTK	2X9E	A	Other	TTK	-33.922(Rank-123/pIC50-5)	-38.603(Rank-129/pIC50-5)	-33.002(Rank-131/pIC50-5.6)	-41.223(Rank-140/pIC50-5)	-33.984(Rank-104/pIC50-5)	-24.117(Rank-140/pIC50-5.43)	-36.191(Rank-141/pIC50-5)	-29.970(Rank-137/pIC50-5)	-36.774(Rank-136/pIC50-5)	-46.050(Rank-121/pIC50-5)	-35.182(Rank-134/pIC50-5.09)	-15.208(Rank-54/pIC50-7.2)	-37.069(Rank-128/pIC50-7.3)	-54.120(Rank-126/pIC50-7.21)	-22.167(Rank-143/pIC50-5)	-39.816(Rank-109/pIC50-5.6)	-31.058(Rank-127/pIC50-5.96)
SK385	TYK2	3NZ0	A	TK	JakA	-39.568(Rank-77/pIC50-5)	-55.212(Rank-22/pIC50-5)	-36.942(Rank-116/pIC50-5)	-68.580(Rank-26/pIC50-5)	-43.745(Rank-29/pIC50-8.32)	-40.688(Rank-52/pIC50-5)	-47.341(Rank-107/pIC50-5.74)	-48.681(Rank-74/pIC50-5)	-66.230(Rank-12/pIC50-5)	-58.476(Rank-43/pIC50-6.74)	-42.427(Rank-105/pIC50-6.29)	-10.095(Rank-88/pIC50-5.8)	-42.468(Rank-93/pIC50-7.11)	-72.114(Rank-36/pIC50-7.25)	-56.743(Rank-13/pIC50-6.68)	-43.314(Rank-80/pIC50-5)	-45.238(Rank-38/pIC50-6.72)
SK390	VRK2	2V62	A	CK1	VRK	-34.428(Rank-119/pIC50-5)	-43.533(Rank-102/pIC50-5)	-34.601(Rank-129/pIC50-5)	-60.686(Rank-81/pIC50-5)	-28.165(Rank-133/pIC50-5)	-33.632(Rank-113/pIC50-5)	-43.850(Rank-120/pIC50-5.49)	-36.871(Rank-128/pIC50-5)	-46.146(Rank-112/pIC50-5.4)	-34.671(Rank-143/pIC50-7.2)	-29.842(Rank-142/pIC50-5)	3.804(Rank-130/pIC50-5)	-38.524(Rank-119/pIC50-5)	-59.444(Rank-106/pIC50-5)	-24.701(Rank-141/pIC50-5)	-36.992(Rank-125/pIC50-5)	-17.898(Rank-138/pIC50-5)
SK391	WEE1	3BI6	A	Other	WEE	-35.971(Rank-108/pIC50-5)	-51.485(Rank-43/pIC50-5)	-48.806(Rank-37/pIC50-5)	-71.121(Rank-16/pIC50-5)	-33.530(Rank-113/pIC50-5)	-40.637(Rank-53/pIC50-5)	-56.733(Rank-56/pIC50-5.15)	-58.437(Rank-14/pIC50-5)	-56.915(Rank-57/pIC50-5)	-52.158(Rank-86/pIC50-5)	-39.265(Rank-122/pIC50-5.49)	-12.628(Rank-69/pIC50-5.96)	-39.151(Rank-115/pIC50-5.52)	-70.897(Rank-40/pIC50-5.8)	-46.748(Rank-64/pIC50-5)	-45.124(Rank-64/pIC50-5)	-43.202(Rank-55/pIC50-6.05)
SK395	YSK1	2XIK	A	STE	STE20	-35.335(Rank-113/pIC50-5)	-41.577(Rank-118/pIC50-5)	-43.003(Rank-78/pIC50-5)	-60.262(Rank-86/pIC50-5)	-42.795(Rank-34/pIC50-5)	-40.102(Rank-58/pIC50-5)	-57.775(Rank-49/pIC50-5.47)	-55.013(Rank-29/pIC50-5)	-53.096(Rank-77/pIC50-5)	-56.913(Rank-54/pIC50-5)	-56.258(Rank-19/pIC50-5.32)	0.614(Rank-119/pIC50-6.54)	-56.127(Rank-11/pIC50-5.11)	-65.924(Rank-76/pIC50-6.96)	-51.694(Rank-37/pIC50-5)	-38.617(Rank-116/pIC50-5)	NA
SK397	ZAP70	1U59	A	TK	Syk	-43.310(Rank-39/pIC50-5)	-40.409(Rank-121/pIC50-5)	-37.081(Rank-115/pIC50-5)	-66.601(Rank-38/pIC50-5)	-45.176(Rank-16/pIC50-5)	-39.297(Rank-67/pIC50-5)	-48.622(Rank-99/pIC50-5)	-52.120(Rank-49/pIC50-5)	-62.036(Rank-26/pIC50-5)	-58.986(Rank-38/pIC50-5)	-53.443(Rank-29/pIC50-5)	-13.488(Rank-62/pIC50-5)	-45.922(Rank-68/pIC50-5.8)	NA	-50.173(Rank-44/pIC50-5.38)	-41.949(Rank-91/pIC50-5)	-49.998(Rank-15/pIC50-7.68)
SK402	KDR	2P2H	A	TK	VEGFR	-44.468(Rank-29/pIC50-5)	-44.107(Rank-95/pIC50-5)	-30.285(Rank-137/pIC50-5)	-48.172(Rank-134/pIC50-5)	-30.422(Rank-129/pIC50-5)	-31.704(Rank-127/pIC50-5.24)	-52.444(Rank-79/pIC50-5.54)	-34.902(Rank-133/pIC50-6.09)	-39.238(Rank-132/pIC50-5)	-51.408(Rank-94/pIC50-5)	-37.751(Rank-126/pIC50-5.7)	10.889(Rank-137/pIC50-8.82)	-32.658(Rank-136/pIC50-6.03)	-51.612(Rank-131/pIC50-6.66)	-36.501(Rank-120/pIC50-5)	-36.715(Rank-126/pIC50-5)	-38.254(Rank-100/pIC50-7.4)
SK406	AURB	2VGP	A	Other	Aur	-45.682(Rank-18/pIC50-5)	-40.709(Rank-120/pIC50-5)	-39.672(Rank-98/pIC50-5)	-55.357(Rank-110/pIC50-5)	-40.212(Rank-59/pIC50-5)	-43.928(Rank-26/pIC50-5.85)	-55.295(Rank-68/pIC50-5)	-44.539(Rank-101/pIC50-5)	-59.976(Rank-39/pIC50-5)	-40.381(Rank-139/pIC50-5)	-43.297(Rank-97/pIC50-8.13)	-13.412(Rank-63/pIC50-6.42)	-49.873(Rank-45/pIC50-6.82)	-68.968(Rank-55/pIC50-7.72)	-45.468(Rank-74/pIC50-7.12)	-44.151(Rank-72/pIC50-5)	-44.555(Rank-41/pIC50-6.96)
SK407	AURA	2DWB	A	Other	Aur	-40.942(Rank-56/pIC50-5)	-45.384(Rank-87/pIC50-5)	-42.450(Rank-81/pIC50-5)	-62.778(Rank-64/pIC50-5)	-50.166(Rank-4/pIC50-5)	-42.644(Rank-41/pIC50-5.66)	-49.486(Rank-92/pIC50-5.03)	-52.361(Rank-48/pIC50-5)	-53.259(Rank-75/pIC50-5)	-52.473(Rank-83/pIC50-5)	-53.246(Rank-31/pIC50-8.41)	-16.892(Rank-45/pIC50-5.77)	-53.594(Rank-19/pIC50-7.36)	-71.706(Rank-38/pIC50-7.77)	-51.291(Rank-41/pIC50-6.59)	-39.363(Rank-111/pIC50-5)	-46.505(Rank-30/pIC50-6.8)
SK412	LIMK1	3S95	A	TKL	LISK	-47.738(Rank-10/pIC50-5)	-44.029(Rank-97/pIC50-5)	-36.756(Rank-118/pIC50-5)	-46.831(Rank-137/pIC50-5)	-33.622(Rank-110/pIC50-5)	-36.303(Rank-97/pIC50-5)	-56.636(Rank-59/pIC50-6.24)	-51.816(Rank-51/pIC50-5)	-50.140(Rank-93/pIC50-5)	-52.039(Rank-87/pIC50-5)	-53.061(Rank-32/pIC50-5.59)	-10.165(Rank-86/pIC50-5)	-42.118(Rank-95/pIC50-5.96)	-95.477(Rank-1/pIC50-6.32)	-49.376(Rank-49/pIC50-6.08)	-42.771(Rank-83/pIC50-5)	-39.186(Rank-97/pIC50-6.21)
SK416	EPHA7	2REI	A	TK	Eph	-38.340(Rank-88/pIC50-5)	-47.503(Rank-76/pIC50-5)	-46.341(Rank-53/pIC50-5)	-53.655(Rank-120/pIC50-5)	-30.854(Rank-125/pIC50-5)	-45.729(Rank-15/pIC50-5.85)	-53.392(Rank-75/pIC50-5)	-46.830(Rank-87/pIC50-5.62)	-45.973(Rank-114/pIC50-5)	-60.217(Rank-29/pIC50-5)	-50.906(Rank-43/pIC50-5)	-10.520(Rank-84/pIC50-5.62)	-46.431(Rank-64/pIC50-6.7)	-60.849(Rank-100/pIC50-6.2)	-47.318(Rank-61/pIC50-6.33)	-48.234(Rank-41/pIC50-5)	-38.831(Rank-99/pIC50-7.41)
SK417	BMX	3SXR	A	TK	Tec	-43.547(Rank-35/pIC50-5)	-43.209(Rank-105/pIC50-5)	-50.309(Rank-26/pIC50-5)	-62.530(Rank-66/pIC50-5)	-33.407(Rank-114/pIC50-5)	-40.020(Rank-59/pIC50-5)	-69.046(Rank-13/pIC50-8.85)	-54.215(Rank-35/pIC50-5)	-50.008(Rank-95/pIC50-5)	-57.809(Rank-47/pIC50-5)	-48.197(Rank-56/pIC50-5.59)	-16.168(Rank-48/pIC50-5)	-45.824(Rank-69/pIC50-5.96)	-59.958(Rank-103/pIC50-6.77)	-49.366(Rank-50/pIC50-5.44)	-48.395(Rank-38/pIC50-5)	-42.858(Rank-57/pIC50-6.74)
SK424	PYK2	3FZO	A	TK	FAK	-35.458(Rank-111/pIC50-5)	-35.650(Rank-135/pIC50-5)	-27.572(Rank-142/pIC50-6.51)	-47.439(Rank-136/pIC50-5)	-20.048(Rank-143/pIC50-5)	-32.765(Rank-119/pIC50-5)	-41.079(Rank-132/pIC50-5)	-32.138(Rank-135/pIC50-5)	-27.899(Rank-143/pIC50-5)	-42.590(Rank-131/pIC50-5.51)	-40.674(Rank-117/pIC50-5.59)	13.325(Rank-138/pIC50-7.09)	-36.323(Rank-130/pIC50-8.96)	-55.207(Rank-122/pIC50-8.46)	-28.480(Rank-138/pIC50-6.72)	-21.789(Rank-140/pIC50-5)	-25.206(Rank-137/pIC50-7.54)
SK426	LOK	3ZZ2	A	STE	STE20	-34.896(Rank-116/pIC50-5)	-44.212(Rank-93/pIC50-6.33)	-49.325(Rank-31/pIC50-5.31)	-62.276(Rank-69/pIC50-6.55)	-31.070(Rank-124/pIC50-5)	-43.874(Rank-27/pIC50-7.72)	-66.049(Rank-19/pIC50-5.92)	-57.015(Rank-19/pIC50-7.09)	-49.692(Rank-97/pIC50-5)	-63.041(Rank-14/pIC50-5)	-42.263(Rank-107/pIC50-6.92)	-21.191(Rank-26/pIC50-7.72)	-52.103(Rank-29/pIC50-7.09)	-67.721(Rank-64/pIC50-10.43)	-52.734(Rank-31/pIC50-7.36)	-46.288(Rank-56/pIC50-5)	-46.716(Rank-29/pIC50-7.15)
SK429	PAK6	2C30	A	STE	STE20	-17.420(Rank-142/pIC50-5)	-23.541(Rank-142/pIC50-5)	-29.260(Rank-141/pIC50-5)	-49.054(Rank-130/pIC50-5)	-21.520(Rank-142/pIC50-5)	-12.150(Rank-142/pIC50-5)	-44.744(Rank-117/pIC50-5)	-39.413(Rank-123/pIC50-5)	-37.672(Rank-134/pIC50-6.12)	-37.164(Rank-142/pIC50-5)	-41.454(Rank-112/pIC50-5.01)	14.824(Rank-139/pIC50-5.62)	-23.272(Rank-142/pIC50-5.46)	-46.273(Rank-138/pIC50-9.24)	-33.681(Rank-129/pIC50-5)	-24.783(Rank-139/pIC50-5)	-17.502(Rank-139/pIC50-6.51)
SK430	PAK4	2CDZ	A	STE	STE20	-34.234(Rank-121/pIC50-5)	-50.027(Rank-60/pIC50-5)	-38.404(Rank-109/pIC50-5)	-65.932(Rank-45/pIC50-5)	-44.615(Rank-21/pIC50-5)	-38.738(Rank-75/pIC50-5)	-55.667(Rank-65/pIC50-5)	-53.258(Rank-45/pIC50-5)	-67.725(Rank-6/pIC50-6.01)	-59.650(Rank-33/pIC50-5)	-52.727(Rank-34/pIC50-5.37)	-5.894(Rank-109/pIC50-5.64)	-47.933(Rank-55/pIC50-5.7)	NA	-58.334(Rank-12/pIC50-5)	-43.691(Rank-77/pIC50-5)	-46.179(Rank-32/pIC50-7.02)
SK431	MST4	3GGF	A	STE	STE20	-34.108(Rank-122/pIC50-5)	-39.108(Rank-127/pIC50-5)	-43.455(Rank-75/pIC50-5)	-43.411(Rank-138/pIC50-5)	-37.884(Rank-75/pIC50-5)	NA	-58.479(Rank-43/pIC50-5.72)	NA	-43.148(Rank-122/pIC50-5)	-42.487(Rank-133/pIC50-5)	-36.149(Rank-133/pIC50-5.46)	1.327(Rank-123/pIC50-6.47)	-50.184(Rank-44/pIC50-6.29)	-52.753(Rank-127/pIC50-6.85)	-41.327(Rank-99/pIC50-5.55)	-38.059(Rank-121/pIC50-5)	-41.183(Rank-73/pIC50-5)
SK438	TNIK	2X7F	B	STE	STE20	-47.270(Rank-12/pIC50-5)	-53.732(Rank-32/pIC50-5.16)	-44.726(Rank-66/pIC50-5)	-69.663(Rank-21/pIC50-5)	-41.359(Rank-44/pIC50-5)	-50.163(Rank-4/pIC50-5.35)	-77.298(Rank-7/pIC50-5.7)	-60.138(Rank-13/pIC50-5.64)	-60.902(Rank-32/pIC50-6.85)	-54.016(Rank-74/pIC50-5)	-82.639(Rank-4/pIC50-5.74)	-49.004(Rank-4/pIC50-7.6)	-45.098(Rank-74/pIC50-5.92)	-74.448(Rank-23/pIC50-8.33)	-67.158(Rank-10/pIC50-5)	-49.715(Rank-28/pIC50-6.09)	-53.662(Rank-4/pIC50-5.89)
SK482	CAMKK2	2ZV2	A	Other	CAMKK	-36.799(Rank-104/pIC50-5)	-57.452(Rank-11/pIC50-5)	-62.741(Rank-6/pIC50-7.64)	-66.681(Rank-37/pIC50-5.62)	-50.879(Rank-3/pIC50-5)	-43.501(Rank-33/pIC50-5)	-48.008(Rank-103/pIC50-5)	-54.612(Rank-32/pIC50-5)	-70.688(Rank-3/pIC50-6.13)	-67.573(Rank-7/pIC50-6.37)	-50.609(Rank-45/pIC50-5)	-17.266(Rank-43/pIC50-5.82)	-56.592(Rank-8/pIC50-7.96)	-91.450(Rank-2/pIC50-9.8)	-51.362(Rank-40/pIC50-5.82)	-41.591(Rank-96/pIC50-5)	-48.451(Rank-22/pIC50-5)
SK487	DRAK2	3LM0	A	CAMK	DAPK	-40.508(Rank-66/pIC50-5)	-45.237(Rank-88/pIC50-5.42)	-37.289(Rank-114/pIC50-5)	-58.690(Rank-98/pIC50-5)	-36.570(Rank-89/pIC50-5)	-31.795(Rank-126/pIC50-5.03)	-41.827(Rank-129/pIC50-5)	-51.601(Rank-53/pIC50-5)	-54.357(Rank-67/pIC50-5.28)	-49.733(Rank-105/pIC50-5.72)	-52.307(Rank-36/pIC50-5)	-9.534(Rank-91/pIC50-6.96)	-40.869(Rank-106/pIC50-5.15)	-71.648(Rank-39/pIC50-7.68)	-41.301(Rank-100/pIC50-5)	-41.569(Rank-97/pIC50-5)	-42.820(Rank-59/pIC50-8.04)
SK506	MPSK1	2BUJ	B	Other	NAK	-43.148(Rank-41/pIC50-5)	-36.781(Rank-133/pIC50-5)	-45.565(Rank-62/pIC50-5.96)	-53.033(Rank-122/pIC50-5)	-30.529(Rank-128/pIC50-5)	-39.054(Rank-71/pIC50-5)	-49.906(Rank-89/pIC50-5)	-45.762(Rank-94/pIC50-5)	-32.849(Rank-140/pIC50-5)	-47.231(Rank-117/pIC50-5)	-43.039(Rank-100/pIC50-6.21)	-2.087(Rank-116/pIC50-6.6)	-41.012(Rank-105/pIC50-6.1)	-48.617(Rank-137/pIC50-6.57)	-34.770(Rank-127/pIC50-5)	-38.071(Rank-120/pIC50-5)	-40.924(Rank-77/pIC50-8.77)
SK510	PAK5	2F57	B	STE	STE20	-38.192(Rank-89/pIC50-5)	-39.111(Rank-126/pIC50-5)	-53.043(Rank-16/pIC50-5)	-69.105(Rank-24/pIC50-5)	-44.564(Rank-22/pIC50-5)	-37.927(Rank-84/pIC50-5)	-54.904(Rank-70/pIC50-5)	-85.565(Rank-2/pIC50-5)	-66.784(Rank-10/pIC50-6.17)	-57.845(Rank-46/pIC50-5)	-83.663(Rank-2/pIC50-5.48)	-4.533(Rank-111/pIC50-6.19)	-50.217(Rank-43/pIC50-6.41)	-68.606(Rank-59/pIC50-8.92)	-81.037(Rank-2/pIC50-5)	-45.979(Rank-57/pIC50-5)	-47.255(Rank-27/pIC50-7.16)
SK647	CK1G1	2CMW	A	CK1	CK1	-34.532(Rank-118/pIC50-5)	-41.942(Rank-114/pIC50-5)	-43.535(Rank-74/pIC50-5.35)	-54.446(Rank-116/pIC50-5)	-33.211(Rank-115/pIC50-5)	-38.965(Rank-73/pIC50-5)	-43.912(Rank-119/pIC50-5)	-41.819(Rank-116/pIC50-5)	-47.087(Rank-108/pIC50-6.28)	-52.253(Rank-85/pIC50-5.92)	-41.618(Rank-111/pIC50-5)	3.283(Rank-126/pIC50-6.03)	-44.079(Rank-86/pIC50-5)	-58.516(Rank-112/pIC50-5.46)	-26.323(Rank-139/pIC50-5)	-48.868(Rank-36/pIC50-5)	-40.439(Rank-85/pIC50-5)
SK703	CAMK2D	2VN9	A	CAMK	CAMK2	-31.349(Rank-134/pIC50-5)	-39.695(Rank-124/pIC50-5)	-37.945(Rank-113/pIC50-5.62)	-76.100(Rank-7/pIC50-5.34)	-39.579(Rank-63/pIC50-5.57)	-34.784(Rank-109/pIC50-5.19)	-43.200(Rank-121/pIC50-5)	-31.210(Rank-136/pIC50-5)	-61.122(Rank-29/pIC50-6.57)	-51.049(Rank-98/pIC50-5.8)	-42.112(Rank-108/pIC50-5)	-8.779(Rank-96/pIC50-6.38)	-49.083(Rank-50/pIC50-6.24)	-74.429(Rank-24/pIC50-9.49)	-37.947(Rank-115/pIC50-5)	-34.903(Rank-133/pIC50-5)	-39.355(Rank-94/pIC50-5.52)
SK709	SGK085	2X4F	B	CAMK	MLCK	-40.164(Rank-71/pIC50-5)	-39.985(Rank-123/pIC50-5)	-36.717(Rank-119/pIC50-5)	-60.347(Rank-85/pIC50-5)	-45.321(Rank-13/pIC50-5)	-28.754(Rank-135/pIC50-5)	-51.744(Rank-82/pIC50-5)	-49.471(Rank-63/pIC50-5)	-60.843(Rank-33/pIC50-5.82)	-76.851(Rank-1/pIC50-5)	-49.381(Rank-49/pIC50-5.66)	-15.764(Rank-51/pIC50-7.82)	-56.256(Rank-9/pIC50-5)	-66.441(Rank-72/pIC50-6.33)	-47.302(Rank-62/pIC50-5)	-35.865(Rank-130/pIC50-5)	-43.407(Rank-53/pIC50-6.09)
SK716	DAPK3	3BHY	A	CAMK	DAPK	-46.372(Rank-16/pIC50-5)	-49.930(Rank-62/pIC50-5.24)	-47.041(Rank-50/pIC50-6.89)	-62.866(Rank-63/pIC50-5.1)	-45.167(Rank-17/pIC50-5)	-46.579(Rank-12/pIC50-5.22)	-50.111(Rank-87/pIC50-5)	-46.402(Rank-90/pIC50-5)	-70.617(Rank-4/pIC50-5.92)	-68.811(Rank-5/pIC50-5)	-46.800(Rank-69/pIC50-5)	-34.413(Rank-8/pIC50-7.66)	-45.245(Rank-72/pIC50-5.66)	-81.401(Rank-6/pIC50-9)	-44.018(Rank-89/pIC50-5)	-46.335(Rank-55/pIC50-5)	-46.413(Rank-31/pIC50-7.89)